Id,Date,Time,x,y,Concentration,Aqi,comment
0,4/24/2017,6:09:18,0.35769,32.584449,872.5,5.668984256,AQI_IS_GOOD
1,4/24/2017,6:09:18,0.35769,32.584449,1151.68,7.48292927,AQI_IS_GOOD
2,4/24/2017,6:09:18,0.35769,32.584449,534.56,3.473251833,AQI_IS_GOOD
3,4/24/2017,6:09:18,0.35769,32.584449,571.11,3.710731918,AQI_IS_GOOD
4,4/24/2017,6:09:18,0.35769,32.584449,701.73,4.559422719,AQI_IS_GOOD
5,4/24/2017,6:09:18,0.357655,32.584449,1881.27,12.22336964,AQI_IS_GOOD
6,4/24/2017,6:09:18,0.357655,32.584476,1730.19,11.24174197,AQI_IS_GOOD
7,4/24/2017,6:09:18,0.357655,32.584476,1775.69,11.53737382,AQI_IS_GOOD
8,4/24/2017,6:09:18,0.357655,32.584476,1542.15,10.01997028,AQI_IS_GOOD
9,4/24/2017,6:09:18,0.357655,32.584476,1041.96,6.770034195,AQI_IS_GOOD
10,4/25/2017,6:09:18,0.357655,32.584476,1792.5,11.64659516,AQI_IS_GOOD
11,4/25/2017,6:10:29,0.35766,32.584468,2987.54,19.41125183,AQI_IS_GOOD
12,4/25/2017,6:11:41,0.357683,32.584487,4409.89,28.64705053,AQI_IS_GOOD
13,4/25/2017,6:12:52,0.357679,32.584545,4140.79,26.90438203,AQI_IS_GOOD
14,4/25/2017,6:17:00,0.35799,32.584133,6670.93,43.34372165,AQI_IS_GOOD
15,4/25/2017,6:18:11,0.357994,32.584102,5789.67,37.61782015,AQI_IS_GOOD
16,4/25/2017,6:19:22,0.356599,32.583274,17543.1,83.08406944,AQI_is_MODERATE
17,4/25/2017,6:20:34,0.356512,32.582843,11542.59,63.40614087,AQI_is_MODERATE
18,4/25/2017,6:21:45,0.3565,32.582832,2511.58,16.31874783,AQI_IS_GOOD
19,4/25/2017,6:22:56,0.356634,32.582736,6408.01,41.63542442,AQI_IS_GOOD
20,4/25/2017,6:24:08,0.357835,32.581275,26005.84,113.4418202,AQI_is_UNHEALTHY_FOR_SENSITVE_GROUP
21,4/25/2017,6:25:19,0.358799,32.578754,23648.96,104.3921754,AQI_is_UNHEALTHY_FOR_SENSITVE_GROUP
22,4/25/2017,6:26:30,0.3601,32.576511,2714.87,17.63960491,AQI_IS_GOOD
23,4/25/2017,6:27:43,0.357385,32.573471,381.17,2.476615162,AQI_IS_GOOD
24,4/25/2017,6:28:54,0.357702,32.571136,6556.48,42.60009386,AQI_IS_GOOD
25,4/25/2017,6:30:05,0.356945,32.570072,1948.79,12.6620743,AQI_IS_GOOD
26,4/25/2017,6:31:16,0.354017,32.567939,3885.09,25.24299604,AQI_IS_GOOD
27,4/25/2017,6:32:27,0.356128,32.566314,3228.96,20.9798549,AQI_IS_GOOD
28,4/25/2017,6:33:43,0.35685,32.562774,22517.59,99.39729263,AQI_is_MODERATE
29,4/25/2017,6:34:55,0.357967,32.562305,16337.6,79.13078165,AQI_is_MODERATE
30,4/25/2017,6:36:06,0.358928,32.56216,8250.47,52.6100415,AQI_is_MODERATE
31,4/25/2017,6:37:17,0.356898,32.562812,15426.65,76.14343407,AQI_is_MODERATE
32,4/25/2017,6:38:29,0.356495,32.564414,16351.27,79.17561072,AQI_is_MODERATE
33,4/25/2017,6:39:40,0.356427,32.567649,47277.35,160.4092396,AQI_is_UNHEALTHY
34,4/25/2017,6:40:52,0.358661,32.568767,32838.13,139.6755688,AQI_is_UNHEALTHY
35,4/25/2017,6:42:04,0.358401,32.570404,67073.9,176.3485833,AQI_is_UNHEALTHY
36,4/25/2017,6:43:16,0.357569,32.572509,48004.8,160.9949515,AQI_is_UNHEALTHY
37,4/25/2017,6:44:27,0.360095,32.574455,41105.31,155.4397744,AQI_is_UNHEALTHY
38,4/25/2017,6:45:38,0.360049,32.5769,31264.01,133.6314652,AQI_is_UNHEALTHY_FOR_SENSITVE_GROUP
39,4/25/2017,6:46:49,0.360488,32.577533,10064.96,58.56043648,AQI_is_MODERATE
40,4/25/2017,6:48:01,0.361716,32.580215,32925.16,140.0097354,AQI_is_UNHEALTHY_FOR_SENSITVE_GROUP
41,4/25/2017,6:49:12,0.362614,32.581226,30125.48,129.2598841,AQI_is_UNHEALTHY_FOR_SENSITVE_GROUP
42,4/25/2017,6:50:23,0.362344,32.582008,10946.33,61.45078012,AQI_is_MODERATE
43,4/25/2017,6:51:35,0.361556,32.582118,37666.66,152.671119,AQI_is_UNHEALTHY
44,4/25/2017,6:52:46,0.360392,32.583599,73912.43,181.8546781,AQI_is_UNHEALTHY
45,4/25/2017,6:53:57,0.356569,32.582824,35486.27,149.8435562,AQI_is_UNHEALTHY_FOR_SENSITVE_GROUP
46,4/25/2017,6:55:09,0.356559,32.58279,5234.44,34.01026699,AQI_IS_GOOD
47,4/25/2017,6:56:20,0.356533,32.582843,3700.53,24.04383531,AQI_IS_GOOD
48,4/25/2017,6:57:32,0.356512,32.582878,2190.91,14.23522555,AQI_IS_GOOD
49,4/25/2017,6:58:43,0.356514,32.582847,4531.07,29.44018853,AQI_IS_GOOD
50,4/25/2017,6:59:54,0.356519,32.582855,1485.9,9.654491354,AQI_IS_GOOD
51,4/25/2017,7:01:06,0.35651,32.582843,4011.05,26.06140894,AQI_IS_GOOD
52,4/25/2017,7:02:17,0.353019,32.581279,27504.83,119.1974492,AQI_is_UNHEALTHY_FOR_SENSITVE_GROUP
53,4/25/2017,7:03:29,0.352032,32.580448,9664.22,57.24625934,AQI_is_MODERATE
54,4/25/2017,7:04:40,0.355686,32.582427,18897.7,87.52631219,AQI_is_MODERATE
55,4/25/2017,7:05:52,0.356507,32.582843,4641.27,30.15620236,AQI_IS_GOOD
56,4/25/2017,7:07:03,0.356532,32.582817,2790.83,18.13314766,AQI_IS_GOOD
57,4/25/2017,7:08:14,0.356491,32.582839,2160.62,14.03841921,AQI_IS_GOOD
58,4/25/2017,7:09:26,0.356518,32.58282,2193.06,14.24919497,AQI_IS_GOOD
59,4/25/2017,7:10:37,0.356514,32.582824,3410.43,22.15893866,AQI_IS_GOOD
60,4/25/2017,7:11:49,0.356519,32.582817,2720.77,17.67793959,AQI_IS_GOOD
61,4/25/2017,7:13:00,0.356525,32.582813,1226.29,7.96770052,AQI_IS_GOOD
62,4/25/2017,7:14:11,0.356509,32.58282,3572.99,23.21515651,AQI_IS_GOOD
63,4/25/2017,7:15:23,0.356523,32.582832,831.54,5.402850623,AQI_IS_GOOD
64,4/25/2017,7:16:34,0.356517,32.582836,3396.64,22.06933947,AQI_IS_GOOD
65,4/25/2017,7:17:45,0.356513,32.58282,2799.06,18.18662129,AQI_IS_GOOD
66,4/25/2017,7:18:56,0.356525,32.58282,3839.96,24.94976823,AQI_IS_GOOD
67,4/25/2017,7:20:08,0.356519,32.582813,3414.7,22.18668257,AQI_IS_GOOD
68,4/25/2017,7:21:19,0.356512,32.58282,1170.06,7.60235154,AQI_IS_GOOD
69,4/25/2017,7:22:31,0.35651,32.582828,3206.54,20.83418313,AQI_IS_GOOD
70,4/25/2017,7:23:42,0.356512,32.582836,2793.19,18.14848153,AQI_IS_GOOD
71,4/25/2017,7:24:53,0.356513,32.582832,1564.17,10.1630431,AQI_IS_GOOD
72,4/25/2017,7:26:04,0.356523,32.582828,1573.49,10.2235989,AQI_IS_GOOD
73,4/25/2017,7:27:15,0.35651,32.582843,2924.58,19.00217533,AQI_IS_GOOD
74,4/25/2017,7:28:27,0.356509,32.582824,5532.56,35.94727282,AQI_IS_GOOD
75,4/25/2017,7:29:38,0.356504,32.582836,4309.19,27.99854472,AQI_IS_GOOD
76,4/25/2017,7:30:50,0.356518,32.582832,3091.54,20.08698176,AQI_IS_GOOD
77,4/25/2017,7:32:01,0.356511,32.58282,1925.89,12.51328377,AQI_IS_GOOD
78,4/25/2017,7:33:13,0.356509,32.582832,3063.14,19.90245551,AQI_IS_GOOD
79,4/25/2017,7:34:25,0.356513,32.582828,3097.94,20.12856514,AQI_IS_GOOD
80,4/25/2017,7:35:36,0.35651,32.582839,3108.14,20.19483865,AQI_IS_GOOD
81,4/25/2017,7:36:48,0.356507,32.582824,3639.25,23.64567445,AQI_IS_GOOD
82,4/25/2017,7:37:59,0.356514,32.582832,2608.29,16.94711169,AQI_IS_GOOD
83,4/25/2017,7:39:10,0.356506,32.582839,2064.71,13.41525328,AQI_IS_GOOD
84,4/25/2017,7:40:21,0.356501,32.582839,1139.89,7.406324887,AQI_IS_GOOD
85,4/25/2017,7:41:32,0.356498,32.582843,3466.48,22.5231181,AQI_IS_GOOD
86,4/25/2017,7:42:44,0.356498,32.582843,3473.21,22.56684563,AQI_IS_GOOD
87,4/25/2017,7:43:56,0.356516,32.582866,1513.74,9.835379058,AQI_IS_GOOD
88,4/25/2017,7:45:07,0.35652,32.582862,3721.42,24.17956606,AQI_IS_GOOD
89,4/25/2017,7:46:18,0.356513,32.582851,2957.57,19.21652466,AQI_IS_GOOD
90,4/25/2017,7:47:30,0.356523,32.582855,5603.16,36.40598948,AQI_IS_GOOD
91,4/25/2017,7:48:41,0.356519,32.582836,5965.03,38.75720476,AQI_IS_GOOD
92,4/25/2017,7:49:52,0.356523,32.582839,5381.66,34.96681468,AQI_IS_GOOD
93,4/25/2017,7:51:04,0.356524,32.582843,4460.25,28.98004244,AQI_IS_GOOD
94,4/25/2017,7:52:16,0.356516,32.582836,4578.17,29.74621622,AQI_IS_GOOD
95,4/25/2017,7:53:27,0.356511,32.582828,1628.73,10.58251545,AQI_IS_GOOD
96,4/25/2017,7:54:38,0.356514,32.582832,2594.32,16.85634296,AQI_IS_GOOD
97,4/25/2017,7:55:50,0.35651,32.582824,2655.61,17.2545688,AQI_IS_GOOD
98,4/25/2017,7:57:01,0.356508,32.582843,2250.65,14.62338042,AQI_IS_GOOD
99,4/25/2017,7:58:13,0.356532,32.582851,2681.04,17.41979777,AQI_IS_GOOD
100,4/25/2017,7:59:24,0.356505,32.582824,1806.74,11.73911818,AQI_IS_GOOD
101,4/25/2017,8:35:00,0.356502,32.582836,2915.43,18.94272409,AQI_IS_GOOD
102,4/25/2017,8:01:47,0.356513,32.582843,4010.34,26.05679578,AQI_IS_GOOD
103,4/25/2017,8:02:58,0.356505,32.582828,4218.59,27.40987999,AQI_IS_GOOD
104,4/25/2017,8:04:09,0.356499,32.582817,1659.44,10.7820507,AQI_IS_GOOD
105,4/25/2017,8:05:27,0.356531,32.582836,4736.14,30.772611,AQI_IS_GOOD
106,4/25/2017,8:06:38,0.35654,32.582843,3066.4,19.92363705,AQI_IS_GOOD
107,4/25/2017,8:07:49,0.356514,32.582859,2975.94,19.33588196,AQI_IS_GOOD
108,4/25/2017,8:09:00,0.35652,32.582855,3265.77,21.21902431,AQI_IS_GOOD
109,4/25/2017,8:10:11,0.356539,32.582855,4011.84,26.06654189,AQI_IS_GOOD
110,4/25/2017,8:11:23,0.356528,32.582847,1793.54,11.65335246,AQI_IS_GOOD
111,4/25/2017,8:12:34,0.356529,32.582847,3282.01,21.32454214,AQI_IS_GOOD
112,4/25/2017,8:13:45,0.356511,32.582836,1275.43,8.286982911,AQI_IS_GOOD
113,4/25/2017,8:14:57,0.356525,32.582839,4744.29,30.82556483,AQI_IS_GOOD
114,4/25/2017,8:16:08,0.35652,32.58282,3152.67,20.48416802,AQI_IS_GOOD
115,4/25/2017,8:17:19,0.356528,32.582832,1042.45,6.773217923,AQI_IS_GOOD
116,4/25/2017,8:18:30,0.356526,32.582828,2828.91,18.38056877,AQI_IS_GOOD
117,4/25/2017,8:19:41,0.356526,32.582836,2148.99,13.96285441,AQI_IS_GOOD
118,4/25/2017,8:20:53,0.356511,32.582839,3171.4,20.60586438,AQI_IS_GOOD
119,4/25/2017,8:22:05,0.35651,32.582851,2748.7,17.85941206,AQI_IS_GOOD
120,4/25/2017,8:23:16,0.35654,32.582847,1221.47,7.936383037,AQI_IS_GOOD
121,4/25/2017,8:24:27,0.356508,32.58282,3489.53,7.936383037,AQI_IS_GOOD
122,4/25/2017,8:25:38,0.356512,32.582813,3961.28,25.73803319,AQI_IS_GOOD
123,4/25/2017,8:26:50,0.356506,32.582828,3135.69,20.37384211,AQI_IS_GOOD
124,4/25/2017,8:28:01,0.356517,32.582836,3437.57,22.33527818,AQI_IS_GOOD
125,4/25/2017,8:29:13,0.356523,32.582855,4760.08,30.92815883,AQI_IS_GOOD
126,4/25/2017,8:30:24,0.355707,32.582489,2906.5,18.88470228,AQI_IS_GOOD
127,4/25/2017,8:31:35,0.353749,32.5816,15095.27,75.05671445,AQI_is_MODERATE
128,4/25/2017,8:32:46,0.350409,32.579513,9858.5,57.88337651,AQI_is_MODERATE
129,4/25/2017,8:33:58,0.345991,32.579414,18493.74,86.20157545,AQI_is_MODERATE
130,4/25/2017,8:35:09,0.341192,32.58406,15266.29,75.61755333,AQI_is_MODERATE
131,4/25/2017,8:36:21,0.342,32.587566,10886.94,61.25601798,AQI_is_MODERATE
132,4/25/2017,8:37:33,0.342783,32.587783,5840.47,37.94788823,AQI_IS_GOOD
133,4/25/2017,8:38:44,0.34066,32.58554,9310.22,56.08536023,AQI_is_MODERATE
134,4/25/2017,8:39:55,0.343283,32.582237,5696.15,37.010183,AQI_IS_GOOD
135,4/25/2017,8:41:16,0.348712,32.578815,29879.72,128.3162465,AQI_is_UNHEALTHY_FOR_SENSITVE_GROUP
136,4/25/2017,8:42:27,0.353295,32.581348,12366.24,66.10719892,AQI_is_MODERATE
137,4/25/2017,8:43:39,0.35578,32.58366,11876.39,64.50079658,AQI_is_MODERATE
138,4/25/2017,8:44:50,0.354754,32.585182,52054.91,164.2559286,AQI_is_UNHEALTHY
139,4/25/2017,8:46:07,0.354743,32.585178,2423.57,15.74691137,AQI_IS_GOOD
140,4/25/2017,8:47:19,0.354743,32.585182,1586.55,10.30845498,AQI_IS_GOOD
141,4/25/2017,8:48:30,0.354754,32.585193,519.5,3.375400941,AQI_IS_GOOD
142,4/25/2017,8:49:41,0.35475,32.585201,2510.97,16.31478441,AQI_IS_GOOD
143,4/25/2017,8:50:52,0.354741,32.585201,2451.89,15.93091783,AQI_IS_GOOD
144,4/25/2017,8:52:04,0.354763,32.585197,5442.16,35.35990758,AQI_IS_GOOD
145,4/25/2017,8:53:15,0.35479,32.585201,1423.34,9.248013812,AQI_IS_GOOD
146,4/25/2017,8:54:26,0.354768,32.585189,1016.9,6.607209272,AQI_IS_GOOD
147,4/25/2017,8:55:38,0.354777,32.585182,939.37,6.103465605,AQI_IS_GOOD
148,4/25/2017,8:56:49,0.354782,32.585189,1567.88,10.18714846,AQI_IS_GOOD
149,4/25/2017,8:58:00,0.355171,32.584178,4374.55,28.42321499,AQI_IS_GOOD
150,4/25/2017,8:59:11,0.355184,32.582965,28085.06,121.4253418,AQI_is_UNHEALTHY_FOR_SENSITVE_GROUP
151,4/25/2017,9:23:00,0.353198,32.581352,14140.5,71.92566461,AQI_is_MODERATE
152,4/25/2017,9:01:34,0.348856,32.578945,18427.52,85.98441517,AQI_is_MODERATE
153,4/25/2017,9:02:46,0.345414,32.577278,22802.05,101.1403193,AQI_is_UNHEALTHY_FOR_SENSITVE_GROUP
154,4/25/2017,9:04:03,0.34116,32.575771,35952.84,151.2912237,AQI_is_UNHEALTHY
155,4/25/2017,9:05:41,0.339911,32.574111,3005.79,19.52982944,AQI_IS_GOOD
156,4/25/2017,9:06:52,0.335354,32.576095,31007.12,132.645092,AQI_is_UNHEALTHY_FOR_SENSITVE_GROUP
157,4/25/2017,9:08:03,0.332669,32.576431,12150,65.39806665,AQI_is_MODERATE
158,4/25/2017,9:09:14,0.328389,32.575939,16162.03,78.5550216,AQI_is_MODERATE
159,4/25/2017,9:10:26,0.322079,32.576435,30886.75,132.1829108,AQI_is_UNHEALTHY_FOR_SENSITVE_GROUP
160,4/25/2017,9:11:37,0.318302,32.576854,9869.7,57.92010552,AQI_is_MODERATE
161,4/25/2017,9:12:48,0.316654,32.578456,13600.47,70.15470318,AQI_is_MODERATE
162,4/25/2017,9:14:00,0.316663,32.578483,1476.72,9.594845193,AQI_IS_GOOD
163,4/25/2017,9:15:11,0.31664,32.578468,1592.33,10.34600997,AQI_IS_GOOD
164,4/25/2017,9:16:22,0.316638,32.578464,1124.67,7.307434411,AQI_IS_GOOD
165,4/25/2017,9:17:34,0.31665,32.578456,1097.98,7.13401872,AQI_IS_GOOD
166,4/25/2017,9:18:45,0.31747,32.577495,8092.75,52.09281831,AQI_is_MODERATE
167,4/25/2017,9:19:56,0.318666,32.575538,13968.02,71.36003783,AQI_is_MODERATE
168,4/25/2017,9:21:08,0.323924,32.574962,34443.11,145.8381646,AQI_is_UNHEALTHY_FOR_SENSITVE_GROUP
169,4/25/2017,9:22:22,0.330001,32.575252,17682.47,83.54111607,AQI_is_MODERATE
170,4/25/2017,9:23:34,0.331113,32.579975,20499.13,92.77800332,AQI_is_MODERATE
171,4/25/2017,9:24:52,0.334402,32.576477,32704.28,139.1616287,AQI_is_UNHEALTHY_FOR_SENSITVE_GROUP
172,4/25/2017,9:26:31,0.341157,32.575328,48675.08,161.5346326,AQI_is_UNHEALTHY
173,4/25/2017,9:27:43,0.344925,32.57698,19547.44,89.65705396,AQI_is_MODERATE
174,4/25/2017,9:28:55,0.348867,32.578891,24496.85,107.6477944,AQI_is_UNHEALTHY_FOR_SENSITVE_GROUP
175,4/25/2017,9:30:07,0.353716,32.581531,8474.16,53.34360512,AQI_is_MODERATE
176,4/25/2017,9:31:18,0.356527,32.582824,26642.61,115.8868077,AQI_is_UNHEALTHY_FOR_SENSITVE_GROUP
177,4/25/2017,9:32:29,0.356516,32.58282,4148.58,26.9549968,AQI_IS_GOOD
178,4/25/2017,9:33:41,0.356515,32.582817,2008.66,13.05107383,AQI_IS_GOOD
179,4/25/2017,9:34:53,0.356507,32.582824,3130.61,20.3408353,AQI_IS_GOOD
180,4/25/2017,9:36:04,0.356505,32.582817,4696.14,30.51271487,AQI_IS_GOOD
181,4/25/2017,9:37:16,0.356517,32.582824,2838.92,18.44560778,AQI_IS_GOOD
182,4/25/2017,9:38:28,0.356525,32.58282,2109.02,13.70315321,AQI_IS_GOOD
183,4/25/2017,9:39:39,0.356552,32.582832,3793.13,24.64549484,AQI_IS_GOOD
184,4/25/2017,9:40:51,0.35655,32.582832,1222.8,7.945024583,AQI_IS_GOOD
185,4/25/2017,9:42:02,0.35654,32.582828,3218.02,20.90877331,AQI_IS_GOOD
186,4/25/2017,9:43:14,0.356562,32.582809,3964.61,25.75966954,AQI_IS_GOOD
187,4/25/2017,9:44:25,0.356538,32.582794,1374.09,8.928016707,AQI_IS_GOOD
188,4/25/2017,9:45:36,0.356509,32.582805,3960.12,25.7304962,AQI_IS_GOOD
189,4/25/2017,9:46:48,0.356509,32.582809,10163.23,58.88270077,AQI_is_MODERATE
190,4/25/2017,9:47:59,0.356515,32.58279,1402.22,9.110788657,AQI_IS_GOOD
191,4/25/2017,9:49:11,0.35652,32.582809,2634.66,17.11844821,AQI_IS_GOOD
192,4/25/2017,9:50:22,0.356535,32.582836,2268,14.73611036,AQI_IS_GOOD
193,4/25/2017,9:51:33,0.356499,32.582836,3828.21,24.87342375,AQI_IS_GOOD
194,4/25/2017,9:52:44,0.356502,32.582828,3290.4,21.37905535,AQI_IS_GOOD
195,4/25/2017,9:53:56,0.356523,32.582832,3742.62,24.31731101,AQI_IS_GOOD
196,4/25/2017,9:55:07,0.356511,32.582817,2283.23,14.83506581,AQI_IS_GOOD
197,4/25/2017,9:56:18,0.356503,32.582809,1344.75,8.737382898,AQI_IS_GOOD
198,4/25/2017,9:57:30,0.356519,32.582817,5226.78,33.96049688,AQI_IS_GOOD
199,4/25/2017,9:58:41,0.356548,32.582828,2380.66,15.4681078,AQI_IS_GOOD
200,4/25/2017,9:59:53,0.356526,32.582832,4632.11,30.09668615,AQI_IS_GOOD
201,4/25/2017,10:01:04,0.3565,32.582828,4342.78,28.21679249,AQI_IS_GOOD
202,4/25/2017,10:02:16,0.356512,32.582832,3611.24,23.46368218,AQI_IS_GOOD
203,4/25/2017,10:03:27,0.356521,32.582836,2213.32,14.38083236,AQI_IS_GOOD
204,4/25/2017,10:04:38,0.35653,32.582851,3932.5,25.55103792,AQI_IS_GOOD
205,4/25/2017,10:05:50,0.356516,32.582839,2972.81,19.31554508,AQI_IS_GOOD
206,4/25/2017,10:07:01,0.356519,32.582839,2748.37,17.85726792,AQI_IS_GOOD
207,4/25/2017,10:08:13,0.356511,32.582843,3134.43,20.36565538,AQI_IS_GOOD
208,4/25/2017,10:09:24,0.356528,32.582843,3085.08,20.04500854,AQI_IS_GOOD
209,4/25/2017,10:10:36,0.35651,32.582832,2997.33,19.47486141,AQI_IS_GOOD
210,4/25/2017,10:11:47,0.356506,32.582847,1941.83,12.61685238,AQI_IS_GOOD
211,4/25/2017,10:12:59,0.356536,32.582836,5004.23,32.51449981,AQI_IS_GOOD
212,4/25/2017,10:14:11,0.356515,32.582828,2088.18,13.56774733,AQI_IS_GOOD
213,4/25/2017,10:15:22,0.356518,32.582843,3737.39,24.28332959,AQI_IS_GOOD
214,4/25/2017,10:16:33,0.356534,32.582836,3534.78,22.96689074,AQI_IS_GOOD
215,4/25/2017,10:17:45,0.356535,32.582836,4291.47,27.88341073,AQI_IS_GOOD
216,4/25/2017,10:18:56,0.356545,32.582824,5284.43,34.33507218,AQI_IS_GOOD
217,4/25/2017,10:20:08,0.356514,32.582839,1774.48,11.52951196,AQI_IS_GOOD
218,4/25/2017,10:21:19,0.356505,32.582839,2591.98,16.84113904,AQI_IS_GOOD
219,4/25/2017,10:22:31,0.356487,32.582839,2024.11,13.15145871,AQI_IS_GOOD
220,4/25/2017,10:23:42,0.356501,32.582843,3932.36,25.55012829,AQI_IS_GOOD
221,4/25/2017,10:24:54,0.356497,32.582851,2153.63,13.99300237,AQI_IS_GOOD
222,4/25/2017,10:26:05,0.356519,32.582832,2904.56,18.87209732,AQI_IS_GOOD
223,4/25/2017,10:27:17,0.356514,32.582832,2674.9,17.37990371,AQI_IS_GOOD
224,4/16/2017,18:20:29,0.357639,32.584568,922.28,5.992424985,AQI_IS_GOOD
225,4/16/2017,18:21:34,0.357451,32.584465,922.28,5.992424985,AQI_IS_GOOD
226,4/16/2017,18:23:23,0.357558,32.584358,922.28,5.992424985,AQI_IS_GOOD
227,4/16/2017,18:24:27,0.357675,32.58451,922.28,5.992424985,AQI_IS_GOOD
228,4/18/2017,20:12:19,0.357587,32.584365,922.28,5.992424985,AQI_IS_GOOD
229,4/18/2017,20:13:26,0.357649,32.58448,922.28,5.992424985,AQI_IS_GOOD
230,4/18/2017,20:15:02,0.357677,32.584518,634.87,4.125006343,AQI_IS_GOOD
231,4/18/2017,20:16:13,0.357666,32.584529,1514.94,9.843175942,AQI_IS_GOOD
232,4/18/2017,20:28:53,0.357669,32.584499,1514.94,9.843175942,AQI_IS_GOOD
233,4/18/2017,20:30:04,0.357662,32.584495,6745.34,43.82719342,AQI_IS_GOOD
234,4/18/2017,21:33:44,0.357691,32.584518,6745.34,43.82719342,AQI_IS_GOOD
235,4/18/2017,21:34:55,0.357698,32.584537,1577.51,10.24971846,AQI_IS_GOOD
236,4/18/2017,21:36:06,0.357695,32.584533,2249.37,14.61506374,AQI_IS_GOOD
237,4/18/2017,21:37:18,0.357673,32.584564,996.55,6.474987118,AQI_IS_GOOD
238,4/18/2017,21:38:29,0.357693,32.58448,2055.16,13.35320308,AQI_IS_GOOD
239,4/18/2017,21:39:40,0.357684,32.584484,1465.78,9.523763602,AQI_IS_GOOD
240,4/18/2017,21:40:52,0.357682,32.584545,1339.59,8.703856298,AQI_IS_GOOD
241,4/18/2017,22:10:42,0.357665,32.584384,661.01,4.294848462,AQI_IS_GOOD
242,4/18/2017,22:11:53,0.357679,32.584472,2111.31,13.71803226,AQI_IS_GOOD
243,4/18/2017,22:13:05,0.357688,32.584461,2711.35,17.61673405,AQI_IS_GOOD
244,4/18/2017,22:14:17,0.357712,32.584468,1808.24,11.74886429,AQI_IS_GOOD
245,4/18/2017,22:15:28,0.357703,32.584506,2822.67,18.34002497,AQI_IS_GOOD
246,4/18/2017,22:16:39,0.357697,32.584537,2128.14,13.82738356,AQI_IS_GOOD
247,4/18/2017,22:17:51,0.357678,32.584484,2705.07,17.57593036,AQI_IS_GOOD
248,4/18/2017,22:19:02,0.357677,32.584522,2256.43,14.66093541,AQI_IS_GOOD
249,4/18/2017,22:20:13,0.357679,32.584552,2343.39,15.22594959,AQI_IS_GOOD
250,4/18/2017,22:48:02,0.357667,32.584484,223.62,1.452949294,AQI_IS_GOOD
251,4/18/2017,22:49:14,0.357682,32.584518,1416.09,9.200907639,AQI_IS_GOOD
252,4/18/2017,22:50:25,0.357674,32.584465,394.6,2.563875287,AQI_IS_GOOD
253,4/18/2017,22:51:37,0.357632,32.584491,724.57,4.707823407,AQI_IS_GOOD
254,4/18/2017,22:52:48,0.357806,32.584465,1227.53,7.9757573,AQI_IS_GOOD
255,4/18/2017,22:53:59,0.35764,32.584522,1080.98,7.023562867,AQI_IS_GOOD
256,4/18/2017,22:55:11,0.357574,32.584449,1308.71,8.503216488,AQI_IS_GOOD
257,4/18/2017,22:56:23,0.357671,32.58451,756.96,4.918274295,AQI_IS_GOOD
258,4/18/2017,22:57:34,0.357665,32.584541,1206.03,7.836063132,AQI_IS_GOOD
259,4/18/2017,22:58:45,0.357571,32.584465,974.34,6.330679794,AQI_IS_GOOD
260,4/18/2017,22:59:57,0.357543,32.584461,1396.35,9.072648901,AQI_IS_GOOD
261,4/18/2017,23:01:09,0.357588,32.584537,1309.14,8.506010371,AQI_IS_GOOD
262,4/18/2017,23:02:20,0.357737,32.584587,1100.5,7.150392176,AQI_IS_GOOD
263,4/18/2017,23:03:31,0.357848,32.584457,1144.52,7.436407863,AQI_IS_GOOD
264,4/18/2017,23:04:43,0.357709,32.584709,1040.44,6.760158143,AQI_IS_GOOD
265,4/18/2017,23:05:54,0.357705,32.584537,1090.84,7.087627262,AQI_IS_GOOD
266,4/18/2017,23:07:05,0.357657,32.584606,1446.82,9.400572838,AQI_IS_GOOD
267,4/18/2017,23:08:16,0.357685,32.584583,1446.82,9.400572838,AQI_IS_GOOD
268,4/18/2017,23:09:27,0.357611,32.584522,768.09,4.990590392,AQI_IS_GOOD
269,4/18/2017,23:10:39,0.357692,32.584564,885.03,5.750396718,AQI_IS_GOOD
270,4/18/2017,23:11:50,0.357752,32.584625,651.05,4.230134327,AQI_IS_GOOD
271,4/18/2017,23:13:01,0.357694,32.584701,645.19,4.192059544,AQI_IS_GOOD
272,4/18/2017,23:14:13,0.357663,32.584533,1205.77,7.834373807,AQI_IS_GOOD
273,4/18/2017,23:15:24,0.35768,32.584556,931.72,6.053760471,AQI_IS_GOOD
274,4/18/2017,23:16:35,0.357716,32.584484,1051.87,6.834423461,AQI_IS_GOOD
275,4/18/2017,23:17:46,0.357646,32.584491,934.36,6.070913616,AQI_IS_GOOD
276,4/18/2017,23:18:57,0.357684,32.58451,1466.88,9.530910746,AQI_IS_GOOD
277,4/18/2017,23:20:09,0.357656,32.584487,904.94,5.879760015,AQI_IS_GOOD
278,4/18/2017,23:21:20,0.357708,32.584541,772.82,5.021323109,AQI_IS_GOOD
279,4/18/2017,23:22:32,0.357623,32.584426,1294.32,8.409718857,AQI_IS_GOOD
280,4/18/2017,23:23:43,0.357632,32.584495,2036.02,13.22884278,AQI_IS_GOOD
281,4/18/2017,23:24:54,0.357574,32.584552,1166.44,7.578830941,AQI_IS_GOOD
282,4/18/2017,23:26:05,0.357662,32.584545,704.26,4.575861149,AQI_IS_GOOD
283,4/18/2017,23:27:17,0.357704,32.584541,766.22,4.978440248,AQI_IS_GOOD
284,4/18/2017,23:28:28,0.357731,32.584671,1329.24,8.636608175,AQI_IS_GOOD
285,4/18/2017,23:29:39,0.357726,32.584766,1443.97,9.382055239,AQI_IS_GOOD
286,4/18/2017,23:30:50,0.357674,32.584499,1860.85,12.09069267,AQI_IS_GOOD
287,4/18/2017,23:32:01,0.357649,32.58443,938.6,6.098462605,AQI_IS_GOOD
288,4/18/2017,23:33:13,0.357686,32.584518,1038.17,6.745409037,AQI_IS_GOOD
289,4/18/2017,23:34:24,0.357601,32.584468,910.87,5.918289615,AQI_IS_GOOD
290,4/18/2017,23:35:36,0.357713,32.58459,1564.65,5.918289615,AQI_IS_GOOD
291,4/18/2017,23:36:48,0.357676,32.584529,1248.86,8.114346909,AQI_IS_GOOD
292,4/18/2017,23:37:59,0.357713,32.584506,1625.34,10.56048925,AQI_IS_GOOD
293,4/18/2017,23:39:10,0.357633,32.584438,856.02,5.561907052,AQI_IS_GOOD
294,4/18/2017,23:40:22,0.35771,32.584617,969.01,6.296048635,AQI_IS_GOOD
295,4/18/2017,23:41:33,0.357706,32.584548,335.92,2.182607669,AQI_IS_GOOD
296,4/18/2017,23:42:45,0.357694,32.584457,958.46,6.227501032,AQI_IS_GOOD
297,4/18/2017,23:43:56,0.35772,32.584625,798,5.184927721,AQI_IS_GOOD
298,4/18/2017,23:45:07,0.357661,32.584468,650.79,4.228445002,AQI_IS_GOOD
299,4/18/2017,23:46:19,0.357728,32.584487,1155.59,7.508334116,AQI_IS_GOOD
300,4/18/2017,23:47:30,0.357716,32.584457,1063.38,6.909208571,AQI_IS_GOOD
301,4/18/2017,23:48:41,0.357754,32.584495,2073.95,13.47528928,AQI_IS_GOOD
302,4/18/2017,23:49:52,0.357732,32.584503,972.3,6.317425091,AQI_IS_GOOD
303,4/18/2017,23:51:04,0.357697,32.584506,1769.51,11.49721986,AQI_IS_GOOD
304,4/18/2017,23:52:15,0.357639,32.584339,1549.07,10.06493231,AQI_IS_GOOD
305,4/18/2017,23:53:26,0.357695,32.584522,604.76,3.929369534,AQI_IS_GOOD
306,4/18/2017,23:54:37,0.357634,32.584415,736.03,4.782283647,AQI_IS_GOOD
307,4/18/2017,23:55:49,0.357559,32.584232,1375.66,8.93821763,AQI_IS_GOOD
308,4/18/2017,23:57,0.357669,32.58451,669.05,4.347087583,AQI_IS_GOOD
309,4/18/2017,23:58:12,0.357616,32.584548,802.83,5.216310178,AQI_IS_GOOD
310,4/18/2017,23:59:23,0.357817,32.584552,1170.99,7.608394125,AQI_IS_GOOD
311,4/19/2017,0:35,0.357626,32.584724,899.45,5.844089271,AQI_IS_GOOD
312,4/19/2017,0:01:46,0.357691,32.584583,574.51,3.732823089,AQI_IS_GOOD
313,4/19/2017,0:02:57,0.357664,32.584514,824.34,5.35606932,AQI_IS_GOOD
314,4/19/2017,0:04:08,0.357656,32.58451,835.9,5.431179301,AQI_IS_GOOD
315,4/19/2017,0:05:20,0.357704,32.584468,960.57,6.241210552,AQI_IS_GOOD
316,4/19/2017,0:06:31,0.357701,32.584472,1099.54,7.144154669,AQI_IS_GOOD
317,4/19/2017,0:07:42,0.357825,32.584518,1037.82,6.743134946,AQI_IS_GOOD
318,4/19/2017,0:08:53,0.357737,32.584545,1421.47,9.235863668,AQI_IS_GOOD
319,4/19/2017,0:10:04,0.357658,32.584449,589.83,3.832363305,AQI_IS_GOOD
320,4/19/2017,0:11:16,0.357705,32.584499,1558.87,10.12860686,AQI_IS_GOOD
321,4/19/2017,0:12:27,0.357708,32.584625,1013.45,6.584793231,AQI_IS_GOOD
322,4/19/2017,0:13:39,0.357724,32.584598,580.69,3.77297704,AQI_IS_GOOD
323,4/19/2017,0:14:50,0.357765,32.584564,1231.5,8.00155199,AQI_IS_GOOD
324,4/19/2017,0:16:01,0.357662,32.584667,1153.98,7.497873297,AQI_IS_GOOD
325,4/19/2017,0:17:13,0.357712,32.584476,1165.63,7.573568044,AQI_IS_GOOD
326,4/19/2017,0:18:24,0.357667,32.5843,693.37,4.505104428,AQI_IS_GOOD
327,4/19/2017,0:19:36,0.357681,32.584651,1236.18,8.031959837,AQI_IS_GOOD
328,4/19/2017,0:20:47,0.357724,32.584602,989.7,6.430479906,AQI_IS_GOOD
329,4/19/2017,0:21:59,0.357546,32.584201,1226.57,7.969519793,AQI_IS_GOOD
330,4/19/2017,0:23:10,0.357692,32.584514,1015.56,6.598502752,AQI_IS_GOOD
331,4/19/2017,0:24:22,0.357703,32.584522,1304.07,8.473068537,AQI_IS_GOOD
332,4/19/2017,0:25:33,0.357698,32.584541,1420.42,9.229041395,AQI_IS_GOOD
333,4/19/2017,0:26:45,0.357693,32.584506,1055.9,6.860607995,AQI_IS_GOOD
334,4/19/2017,0:27:56,0.357691,32.58451,1109.36,7.207959168,AQI_IS_GOOD
335,4/19/2017,0:29:08,0.357731,32.584545,720.94,4.684237833,AQI_IS_GOOD
336,4/19/2017,0:30:19,0.35769,32.584503,938.64,6.098722501,AQI_IS_GOOD
337,4/19/2017,0:31:30,0.357656,32.584533,910.67,5.916990135,AQI_IS_GOOD
338,4/19/2017,0:32:42,0.357716,32.584529,1084.64,7.047343362,AQI_IS_GOOD
339,4/19/2017,0:33:53,0.357737,32.58456,1495.65,9.717841035,AQI_IS_GOOD
340,4/19/2017,0:35:04,0.357771,32.584579,597.04,3.879209582,AQI_IS_GOOD
341,4/19/2017,0:36:16,0.357889,32.584617,1064.2,6.914536442,AQI_IS_GOOD
342,4/19/2017,0:37:27,0.357738,32.584522,1371.11,8.908654445,AQI_IS_GOOD
343,4/19/2017,0:38:39,0.357679,32.584503,882.51,5.734023262,AQI_IS_GOOD
344,4/19/2017,0:39:50,0.357729,32.584514,613.37,3.985312176,AQI_IS_GOOD
345,4/19/2017,0:41:02,0.357697,32.584487,1676.59,10.89348116,AQI_IS_GOOD
346,4/19/2017,0:42:13,0.357688,32.584522,1134.66,7.372343468,AQI_IS_GOOD
347,4/19/2017,0:43:25,0.357705,32.584472,681.53,4.428175175,AQI_IS_GOOD
348,4/19/2017,0:44:36,0.357695,32.584476,882.03,5.730904508,AQI_IS_GOOD
349,4/19/2017,0:45:48,0.357682,32.58448,795.63,5.169528875,AQI_IS_GOOD
350,4/19/2017,0:46:59,0.357696,32.584487,1112.99,7.231544742,AQI_IS_GOOD
351,4/19/2017,0:48:11,0.357706,32.584499,702.31,4.563191213,AQI_IS_GOOD
352,4/19/2017,0:49:22,0.357696,32.584533,1408.81,9.153606544,AQI_IS_GOOD
353,4/19/2017,0:50:34,0.35768,32.58451,1078.14,7.005110242,AQI_IS_GOOD
354,4/19/2017,0:51:46,0.357709,32.584529,936.58,6.085337851,AQI_IS_GOOD
355,4/19/2017,0:52:57,0.357686,32.584506,724.87,4.709772628,AQI_IS_GOOD
356,4/19/2017,0:54:08,0.357699,32.584514,1221.66,7.937617543,AQI_IS_GOOD
357,4/19/2017,0:55:20,0.357693,32.584514,832.71,5.410452584,AQI_IS_GOOD
358,4/19/2017,0:56:31,0.357716,32.584499,1105.66,7.183918777,AQI_IS_GOOD
359,4/19/2017,0:57:43,0.357684,32.584453,1446.62,9.399273358,AQI_IS_GOOD
360,4/19/2017,0:58:54,0.357706,32.584506,1176.69,7.645429323,AQI_IS_GOOD
361,4/19/2017,1:06,0.357691,32.584548,1462.05,9.499528288,AQI_IS_GOOD
362,4/19/2017,1:01:17,0.357709,32.58451,978.36,6.356799355,AQI_IS_GOOD
363,4/19/2017,1:02:29,0.357696,32.584491,801.55,5.207993502,AQI_IS_GOOD
364,4/19/2017,1:03:40,0.357714,32.584495,656.58,4.266064966,AQI_IS_GOOD
365,4/19/2017,1:04:52,0.357658,32.584506,909.02,5.90626942,AQI_IS_GOOD
366,4/19/2017,1:06:03,0.357663,32.58451,1250.14,8.122663585,AQI_IS_GOOD
367,4/19/2017,1:07:14,0.357681,32.584487,884.76,5.748642419,AQI_IS_GOOD
368,4/19/2017,1:08:26,0.357664,32.584499,955.63,6.209113381,AQI_IS_GOOD
369,4/19/2017,1:09:37,0.35767,32.58451,1031.49,6.702006384,AQI_IS_GOOD
370,4/19/2017,1:10:49,0.357675,32.584484,1221.63,7.937422621,AQI_IS_GOOD
371,4/19/2017,1:12,0.357672,32.584438,697.41,4.531353937,AQI_IS_GOOD
372,4/19/2017,1:13:11,0.357668,32.584442,587.92,3.819953265,AQI_IS_GOOD
373,4/19/2017,1:14:23,0.357695,32.584468,1300.54,8.450132704,AQI_IS_GOOD
374,4/19/2017,1:15:34,0.357692,32.58448,1653.3,10.74215664,AQI_IS_GOOD
375,4/19/2017,1:16:45,0.357689,32.584491,862.55,5.604335095,AQI_IS_GOOD
376,4/19/2017,1:17:57,0.357654,32.584537,731.68,4.754019943,AQI_IS_GOOD
377,4/19/2017,1:19:08,0.357678,32.584499,445.5,2.894593107,AQI_IS_GOOD
378,4/19/2017,1:20:20,0.357695,32.584465,1206.24,7.837427586,AQI_IS_GOOD
379,4/19/2017,1:21:32,0.357699,32.584506,1227.16,7.97335326,AQI_IS_GOOD
380,4/19/2017,1:22:43,0.357705,32.584522,1193.31,7.753416164,AQI_IS_GOOD
381,4/19/2017,1:23:55,0.357656,32.584449,1012.64,6.579530335,AQI_IS_GOOD
382,4/19/2017,1:25:06,0.357673,32.584476,679.21,4.4131012,AQI_IS_GOOD
383,4/19/2017,1:26:18,0.357681,32.584495,649.67,4.22116791,AQI_IS_GOOD
384,4/19/2017,1:27:29,0.357677,32.584503,604.05,3.924756378,AQI_IS_GOOD
385,4/19/2017,1:28:41,0.357695,32.584529,1133.29,7.363442026,AQI_IS_GOOD
386,4/19/2017,1:29:53,0.357698,32.584487,1086.75,7.061052883,AQI_IS_GOOD
387,4/19/2017,1:31:04,0.357695,32.584426,1072.22,6.966645615,AQI_IS_GOOD
388,4/19/2017,1:32:15,0.357683,32.584453,1195.57,7.768100295,AQI_IS_GOOD
389,4/19/2017,1:33:27,0.357681,32.584476,1277.93,8.303226419,AQI_IS_GOOD
390,4/19/2017,1:34:38,0.357688,32.584491,563.59,3.661871446,AQI_IS_GOOD
391,4/19/2017,1:35:50,0.357708,32.584499,1214.17,7.888951993,AQI_IS_GOOD
392,4/19/2017,1:37:01,0.357657,32.584419,1701.23,11.05357718,AQI_IS_GOOD
393,4/19/2017,1:38:13,0.357681,32.584468,938.74,6.099372241,AQI_IS_GOOD
394,4/19/2017,1:39:24,0.357641,32.584495,892.39,5.798217605,AQI_IS_GOOD
395,4/19/2017,1:40:35,0.357692,32.584514,958.61,6.228475642,AQI_IS_GOOD
396,4/19/2017,1:41:47,0.357684,32.58435,671.3,4.361706741,AQI_IS_GOOD
397,4/19/2017,1:42:58,0.357682,32.584407,920.65,5.981834218,AQI_IS_GOOD
398,4/19/2017,1:44:10,0.357677,32.584438,1003.7,6.521443551,AQI_IS_GOOD
399,4/19/2017,1:45:21,0.357679,32.584461,763.1,4.958168351,AQI_IS_GOOD
400,4/19/2017,1:46:33,0.357684,32.584484,1615.7,10.49785428,AQI_IS_GOOD
401,4/19/2017,1:47:45,0.357704,32.584491,898.33,5.83681218,AQI_IS_GOOD
402,4/19/2017,1:48:56,0.35771,32.584522,1054,6.848262929,AQI_IS_GOOD
403,4/19/2017,1:50:08,0.357695,32.584541,817.98,5.314745836,AQI_IS_GOOD
404,4/19/2017,1:51:19,0.357695,32.584526,1692.13,10.99445081,AQI_IS_GOOD
405,4/19/2017,1:52:30,0.357762,32.584495,1212.74,7.879660707,AQI_IS_GOOD
406,4/19/2017,1:53:42,0.357732,32.584487,726.91,4.72302733,AQI_IS_GOOD
407,4/19/2017,1:54:53,0.357714,32.584468,1127.82,7.327901231,AQI_IS_GOOD
408,4/19/2017,1:56:04,0.357704,32.584465,659.46,4.284777487,AQI_IS_GOOD
409,4/19/2017,1:57:16,0.357716,32.584476,1216.64,7.905000579,AQI_IS_GOOD
410,4/19/2017,1:58:27,0.357715,32.584506,903.49,5.87033878,AQI_IS_GOOD
411,4/19/2017,1:59:39,0.357721,32.584445,907.53,5.896588289,AQI_IS_GOOD
412,4/19/2017,2:50,0.357718,32.58448,833.26,5.414026156,AQI_IS_GOOD
413,4/19/2017,2:02:01,0.3577,32.58448,1054.02,6.848392878,AQI_IS_GOOD
414,4/19/2017,2:03:13,0.357724,32.584495,932.33,6.057723887,AQI_IS_GOOD
415,4/19/2017,2:04:24,0.357699,32.58451,646.35,6.057723887,AQI_IS_GOOD
416,4/19/2017,2:05:35,0.357696,32.584495,484.35,3.14701722,AQI_IS_GOOD
417,4/19/2017,2:06:47,0.3577,32.584495,587.51,3.81728933,AQI_IS_GOOD
418,4/19/2017,2:07:58,0.357705,32.584465,744.3,4.836017171,AQI_IS_GOOD
419,4/19/2017,2:09:09,0.357693,32.584476,1244.96,8.089007037,AQI_IS_GOOD
420,4/19/2017,2:10:21,0.35771,32.584468,893.2,5.803480502,AQI_IS_GOOD
421,4/19/2017,2:11:32,0.357726,32.58448,1275.8,8.28938695,AQI_IS_GOOD
422,4/19/2017,2:12:43,0.357705,32.584468,878.96,5.710957481,AQI_IS_GOOD
423,4/19/2017,2:13:54,0.357723,32.58448,1025.34,6.662047355,AQI_IS_GOOD
424,4/19/2017,2:15:06,0.357714,32.584495,711.02,4.619783594,AQI_IS_GOOD
425,4/19/2017,2:16:18,0.35768,32.584514,490.62,3.187755938,AQI_IS_GOOD
426,4/19/2017,2:17:29,0.357681,32.584514,1207.16,7.843405197,AQI_IS_GOOD
427,4/19/2017,2:18:41,0.3577,32.584484,593.36,3.855299138,AQI_IS_GOOD
428,4/19/2017,2:19:52,0.357707,32.584476,1039.1,6.751451622,AQI_IS_GOOD
429,4/19/2017,2:21:03,0.357714,32.58448,279.74,1.81758356,AQI_IS_GOOD
430,4/19/2017,2:22:15,0.35772,32.584476,1247.46,8.105250545,AQI_IS_GOOD
431,4/19/2017,2:23:26,0.357699,32.584484,1093.3,7.103610874,AQI_IS_GOOD
432,4/19/2017,2:24:37,0.35772,32.584476,1410.21,9.162702909,AQI_IS_GOOD
433,4/19/2017,2:25:48,0.357715,32.584484,788.78,5.125021664,AQI_IS_GOOD
434,4/19/2017,2:27,0.357711,32.584472,764.59,4.967849481,AQI_IS_GOOD
435,4/19/2017,2:28:11,0.357707,32.584461,929.48,6.039206288,AQI_IS_GOOD
436,4/19/2017,2:29:23,0.357699,32.584491,1009.67,6.560233047,AQI_IS_GOOD
437,4/19/2017,2:30:34,0.357706,32.584476,1336.64,8.684688958,AQI_IS_GOOD
438,4/19/2017,2:31:46,0.357717,32.58448,1336.86,8.686118387,AQI_IS_GOOD
439,4/19/2017,2:32:57,0.357708,32.584484,2177.53,14.1482903,AQI_IS_GOOD
440,4/19/2017,2:34:08,0.357698,32.58448,1224.88,7.958539181,AQI_IS_GOOD
441,4/19/2017,2:35:19,0.357693,32.584499,1379.25,8.961543307,AQI_IS_GOOD
442,4/19/2017,2:36:30,0.357695,32.584476,781.65,5.078695179,AQI_IS_GOOD
443,4/19/2017,2:37:42,0.357707,32.584491,1454.46,9.450212999,AQI_IS_GOOD
444,4/19/2017,2:38:53,0.357695,32.584495,488.15,9.450212999,AQI_IS_GOOD
445,4/19/2017,2:40:04,0.357707,32.58448,1025.46,6.662827043,AQI_IS_GOOD
446,4/19/2017,2:41:15,0.357713,32.58448,1415.49,9.197009197,AQI_IS_GOOD
447,4/19/2017,2:42:27,0.35769,32.584476,1866.54,12.12766289,AQI_IS_GOOD
448,4/19/2017,2:43:38,0.357703,32.584476,495.06,3.216604408,AQI_IS_GOOD
449,4/19/2017,2:44:50,0.357699,32.584476,1712.8,11.12875213,AQI_IS_GOOD
450,4/19/2017,2:46:01,0.357682,32.58448,815.15,5.296358185,AQI_IS_GOOD
451,4/19/2017,2:47:12,0.357697,32.584468,1567.62,10.18545914,AQI_IS_GOOD
452,4/19/2017,2:48:24,0.357716,32.584461,992.57,6.449127453,AQI_IS_GOOD
453,4/19/2017,2:49:36,0.357726,32.584461,686.12,4.457998255,AQI_IS_GOOD
454,4/19/2017,2:50:47,0.357725,32.58448,958.41,6.227176162,AQI_IS_GOOD
455,4/19/2017,2:51:59,0.357748,32.584484,1258.1,8.174382914,AQI_IS_GOOD
456,4/19/2017,2:53:10,0.35774,32.584476,1212.55,7.8784262,AQI_IS_GOOD
457,4/19/2017,2:54:21,0.357728,32.58448,1073.86,6.977301356,AQI_IS_GOOD
458,4/19/2017,2:55:33,0.357729,32.58448,1483,9.635648885,AQI_IS_GOOD
459,4/19/2017,2:56:44,0.357734,32.58448,735.21,4.776955776,AQI_IS_GOOD
460,4/19/2017,2:57:55,0.357732,32.584487,734.41,4.771757854,AQI_IS_GOOD
461,4/19/2017,2:59:07,0.357755,32.584487,1033.81,6.71708036,AQI_IS_GOOD
462,4/19/2017,3:18,0.357704,32.584491,1099.3,6.71708036,AQI_IS_GOOD
463,4/19/2017,3:01:29,0.357719,32.584487,844.26,5.485497591,AQI_IS_GOOD
464,4/19/2017,3:02:41,0.357703,32.584503,1768.83,11.49280163,AQI_IS_GOOD
465,4/19/2017,3:03:52,0.35772,32.58451,955.66,6.209308303,AQI_IS_GOOD
466,4/19/2017,3:05:03,0.357703,32.584495,1320.93,8.582614755,AQI_IS_GOOD
467,4/19/2017,3:06:15,0.357714,32.584506,1321.19,8.58430408,AQI_IS_GOOD
468,4/19/2017,3:07:26,0.357715,32.58451,1190.49,7.735093487,AQI_IS_GOOD
469,4/19/2017,3:08:37,0.357707,32.584503,851.39,5.531824075,AQI_IS_GOOD
470,4/19/2017,3:09:49,0.357734,32.584495,1211.39,7.870889213,AQI_IS_GOOD
471,4/19/2017,3:11,0.357715,32.584484,1239.01,8.050347488,AQI_IS_GOOD
472,4/19/2017,3:12:12,0.35772,32.58448,1153.97,7.497808323,AQI_IS_GOOD
473,4/19/2017,3:13:23,0.357699,32.58448,950.63,6.176626365,AQI_IS_GOOD
474,4/19/2017,3:14:35,0.357712,32.58448,1040.07,6.757754103,AQI_IS_GOOD
475,4/19/2017,3:15:46,0.357722,32.584491,996.05,6.471738416,AQI_IS_GOOD
476,4/19/2017,3:16:58,0.35773,32.584503,858.63,5.578865274,AQI_IS_GOOD
477,4/19/2017,3:18:09,0.357737,32.584518,935.01,6.075136928,AQI_IS_GOOD
478,4/19/2017,3:19:21,0.357768,32.584522,1214.05,7.888172305,AQI_IS_GOOD
479,4/19/2017,3:20:32,0.357775,32.584503,1029.91,6.691740487,AQI_IS_GOOD
480,4/19/2017,3:21:44,0.357746,32.584491,864.53,5.617199953,AQI_IS_GOOD
481,4/19/2017,3:22:55,0.357716,32.58451,1162.46,7.552971276,AQI_IS_GOOD
482,4/19/2017,3:24:06,0.35769,32.584503,1136.37,7.383454028,AQI_IS_GOOD
483,4/19/2017,3:25:18,0.357698,32.584457,757.13,4.919378854,AQI_IS_GOOD
484,4/19/2017,3:26:30,0.357736,32.584465,1172.87,7.620609243,AQI_IS_GOOD
485,4/19/2017,3:27:41,0.357707,32.584461,1354.32,8.799563046,AQI_IS_GOOD
486,4/19/2017,3:28:52,0.357716,32.584495,1097.76,7.132589292,AQI_IS_GOOD
487,4/19/2017,3:30:04,0.357712,32.584491,710.36,4.615495308,AQI_IS_GOOD
488,4/19/2017,3:31:16,0.357781,32.584461,1184.3,7.694874561,AQI_IS_GOOD
489,4/19/2017,3:32:27,0.357754,32.584465,903.41,5.869818988,AQI_IS_GOOD
490,4/19/2017,3:33:39,0.357723,32.58448,1092.76,7.100102276,AQI_IS_GOOD
491,4/19/2017,3:34:50,0.357728,32.584499,1585.85,10.3039068,AQI_IS_GOOD
492,4/19/2017,3:36:02,0.357761,32.584529,811.34,5.271603079,AQI_IS_GOOD
493,4/19/2017,3:37:13,0.357717,32.58451,793.32,5.154519874,AQI_IS_GOOD
494,4/19/2017,3:38:24,0.357686,32.584579,1569.74,10.19923363,AQI_IS_GOOD
495,4/19/2017,3:39:36,0.357706,32.58451,1064.51,6.916550637,AQI_IS_GOOD
496,4/19/2017,3:40:47,0.357696,32.584495,1434.7,9.321824312,AQI_IS_GOOD
497,4/19/2017,3:41:58,0.357693,32.584514,1182.99,7.686362963,AQI_IS_GOOD
498,4/19/2017,3:43:10,0.357704,32.584472,1019,6.620853819,AQI_IS_GOOD
499,4/19/2017,3:44:21,0.357715,32.584484,1284.54,8.346174254,AQI_IS_GOOD
500,4/19/2017,3:45:33,0.357686,32.58448,1322.36,8.591906041,AQI_IS_GOOD
501,4/19/2017,3:46:44,0.357679,32.584487,1217.46,7.91032845,AQI_IS_GOOD
502,4/19/2017,3:47:56,0.357698,32.584465,1287.94,8.368265424,AQI_IS_GOOD
503,4/19/2017,3:49:07,0.357697,32.584465,1280.45,8.319599875,AQI_IS_GOOD
504,4/19/2017,3:50:19,0.357722,32.584472,1885.89,12.25338764,AQI_IS_GOOD
505,4/19/2017,3:51:30,0.357756,32.584476,1006.93,6.542430163,AQI_IS_GOOD
506,4/19/2017,3:52:42,0.357696,32.584487,1096.35,7.123427953,AQI_IS_GOOD
507,4/19/2017,3:53:53,0.357699,32.584472,1333.23,8.662532814,AQI_IS_GOOD
508,4/19/2017,3:55:04,0.357686,32.584468,1475.42,9.586398569,AQI_IS_GOOD
509,4/19/2017,3:56:16,0.357648,32.584461,1427.93,9.277836893,AQI_IS_GOOD
510,4/19/2017,3:57:27,0.357703,32.584491,767.33,4.985652366,AQI_IS_GOOD
511,4/19/2017,3:58:39,0.357717,32.584514,1425.02,9.25892945,AQI_IS_GOOD
512,4/19/2017,3:59:50,0.357707,32.58451,1694.93,11.01264354,AQI_IS_GOOD
513,4/19/2017,4:01:02,0.357696,32.58448,912.27,5.92738598,AQI_IS_GOOD
514,4/19/2017,4:02:13,0.357695,32.584495,1446.48,9.398363721,AQI_IS_GOOD
515,4/19/2017,4:03:25,0.357694,32.584449,940.9,6.113406632,AQI_IS_GOOD
516,4/19/2017,4:04:36,0.357653,32.58448,1244.77,8.08777253,AQI_IS_GOOD
517,4/19/2017,4:05:48,0.35767,32.58451,1474.87,9.582824997,AQI_IS_GOOD
518,4/19/2017,4:06:59,0.357658,32.584484,1043.4,6.779390456,AQI_IS_GOOD
519,4/19/2017,4:08:10,0.357684,32.584491,1192.68,7.7493228,AQI_IS_GOOD
520,4/19/2017,4:09:22,0.357695,32.58448,1053.88,6.847483241,AQI_IS_GOOD
521,4/19/2017,4:10:33,0.357698,32.584487,1510.92,9.817056381,AQI_IS_GOOD
522,4/19/2017,4:11:44,0.357705,32.584499,1149.25,7.46714058,AQI_IS_GOOD
523,4/19/2017,4:12:55,0.357696,32.584476,1088.47,7.072228416,AQI_IS_GOOD
524,4/19/2017,4:14:07,0.357686,32.584495,1801.63,11.70591645,AQI_IS_GOOD
525,4/19/2017,4:15:18,0.357672,32.584487,1526.62,9.91906561,AQI_IS_GOOD
526,4/19/2017,4:16:30,0.357683,32.584491,2457.99,15.97055199,AQI_IS_GOOD
527,4/19/2017,4:17:41,0.357663,32.584484,1154.33,7.500147388,AQI_IS_GOOD
528,4/19/2017,4:18:52,0.357653,32.584453,1428.43,9.281085594,AQI_IS_GOOD
529,4/19/2017,4:20:04,0.357676,32.584457,1460.11,9.486923326,AQI_IS_GOOD
530,4/19/2017,4:21:15,0.357683,32.584484,1551.91,10.08338494,AQI_IS_GOOD
531,4/19/2017,4:22:27,0.35766,32.584529,1990.9,12.93567995,AQI_IS_GOOD
532,4/19/2017,4:23:38,0.357658,32.584472,1317.67,8.56143322,AQI_IS_GOOD
533,4/19/2017,4:24:49,0.357689,32.584522,2435.6,15.82507513,AQI_IS_GOOD
534,4/19/2017,4:26:01,0.357657,32.584461,1514.83,9.842461227,AQI_IS_GOOD
535,4/19/2017,4:27:12,0.357679,32.584461,1254.02,8.147873509,AQI_IS_GOOD
536,4/19/2017,4:28:24,0.3577,32.584506,1482.07,9.6296063,AQI_IS_GOOD
537,4/19/2017,4:29:35,0.357669,32.584503,645.92,4.196802648,AQI_IS_GOOD
538,4/19/2017,4:30:47,0.357685,32.584468,2157.89,14.0206813,AQI_IS_GOOD
539,4/19/2017,4:31:58,0.357689,32.584476,1572.84,10.21937558,AQI_IS_GOOD
540,4/19/2017,4:33:09,0.35767,32.584465,1588.69,10.32235942,AQI_IS_GOOD
541,4/19/2017,4:34:20,0.357667,32.584491,1309.78,8.510168709,AQI_IS_GOOD
542,4/19/2017,4:35:32,0.357675,32.584491,1858.18,12.0733446,AQI_IS_GOOD
543,4/19/2017,4:36:44,0.357666,32.584506,1741.94,11.31808646,AQI_IS_GOOD
544,4/19/2017,4:37:55,0.357671,32.584491,1533.45,9.963442874,AQI_IS_GOOD
545,4/20/2017,4:38:55,0.357671,32.584491,2886.01,18.75157049,AQI_IS_GOOD
546,4/20/2017,4:39:55,0.357671,32.584491,331.96,2.156877953,AQI_IS_GOOD
547,4/20/2017,4:40:55,0.357671,32.584491,436.11,2.833582492,AQI_IS_GOOD
548,4/20/2017,4:41:55,0.357671,32.584491,411.36,2.672771763,AQI_IS_GOOD
549,4/20/2017,4:42:55,0.357671,32.584491,207.45,1.347886285,AQI_IS_GOOD
550,4/20/2017,4:43:55,0.357671,32.584491,38.53,0.250344944,AQI_IS_GOOD
551,4/20/2017,4:44:55,0.357671,32.584491,241.53,1.569317785,AQI_IS_GOOD
552,4/20/2017,4:45:55,0.357671,32.584491,214.98,1.396811731,AQI_IS_GOOD
553,4/20/2017,4:46:55,0.357671,32.584491,1160.74,7.541795743,AQI_IS_GOOD
554,4/20/2017,4:47:55,0.357671,32.584491,179.9,1.168882828,AQI_IS_GOOD
555,4/20/2017,4:48:55,0.357671,32.584491,254.43,1.653134286,AQI_IS_GOOD
556,4/20/2017,4:49:55,0.357671,32.584491,275.35,1.78905996,AQI_IS_GOOD
557,4/20/2017,4:50:55,0.357671,32.584491,889.77,5.781194409,AQI_IS_GOOD
558,4/20/2017,4:51:55,0.357671,32.584491,889.77,5.781194409,AQI_IS_GOOD
559,4/20/2017,4:52:55,0.357671,32.584491,162.9,1.058426975,AQI_IS_GOOD
560,4/20/2017,4:53:55,0.357671,32.584491,903.69,5.871638261,AQI_IS_GOOD
561,4/20/2017,4:54:55,0.357671,32.584491,754.81,4.904304878,AQI_IS_GOOD
562,4/20/2017,4:55:55,0.357671,32.584491,304.13,1.976055223,AQI_IS_GOOD
563,4/20/2017,4:56:55,0.357671,32.584491,304.13,1.976055223,AQI_IS_GOOD
564,4/20/2017,4:57:55,0.357671,32.584491,520.11,3.379364357,AQI_IS_GOOD
565,4/20/2017,4:58:55,0.357671,32.584491,428.8,2.786086475,AQI_IS_GOOD
566,4/20/2017,4:59:55,0.357671,32.584491,170.58,1.108327031,AQI_IS_GOOD
567,4/20/2017,5:37:55,0.357671,32.584491,233.33,1.516039079,AQI_IS_GOOD
568,4/20/2017,5:37:55,0.357671,32.584491,417.46,2.712405923,AQI_IS_GOOD
569,4/20/2017,5:37:55,0.357671,32.584491,135.05,0.877474297,AQI_IS_GOOD
570,4/20/2017,5:37:55,0.357671,32.584491,106.09,0.689309501,AQI_IS_GOOD
571,4/20/2017,5:37:55,0.357671,32.584491,106.09,0.689309501,AQI_IS_GOOD
572,4/20/2017,5:37:55,0.357671,32.584491,217.07,1.410391304,AQI_IS_GOOD
573,4/20/2017,5:37:55,0.357671,32.584491,217.07,1.410391304,AQI_IS_GOOD
574,4/20/2017,5:37:55,0.357671,32.584491,217.07,1.410391304,AQI_IS_GOOD
575,4/20/2017,5:37:55,0.357671,32.584491,217.07,1.410391304,AQI_IS_GOOD
576,4/20/2017,5:37:55,0.357671,32.584491,166.95,1.084741457,AQI_IS_GOOD
577,4/20/2017,5:37:55,0.357671,32.584491,188.16,1.222551378,AQI_IS_GOOD
578,4/20/2017,5:37:55,0.357671,32.584491,84.38,0.548250879,AQI_IS_GOOD
579,4/20/2017,5:37:55,0.357671,32.584491,48.47,0.314929131,AQI_IS_GOOD
580,4/20/2017,5:37:55,0.357671,32.584491,241.71,1.570487318,AQI_IS_GOOD
581,4/20/2017,5:37:55,0.357671,32.584491,182.05,1.182852245,AQI_IS_GOOD
582,4/20/2017,5:37:55,0.357671,32.584491,72.22,0.469242456,AQI_IS_GOOD
583,4/20/2017,5:37:55,0.357671,32.584491,256.98,1.669702664,AQI_IS_GOOD
584,4/20/2017,5:37:55,0.357671,32.584491,68.89,0.447606104,AQI_IS_GOOD
585,4/20/2017,5:37:55,0.357671,32.584491,130.74,0.849470489,AQI_IS_GOOD
586,4/20/2017,5:37:55,0.357671,32.584491,150.8,0.979808396,AQI_IS_GOOD
587,4/20/2017,5:37:55,0.357671,32.584491,150.8,0.979808396,AQI_IS_GOOD
588,4/20/2017,5:37:55,0.357671,32.584491,499.63,3.24629754,AQI_IS_GOOD
589,4/20/2017,5:37:55,0.357671,32.584491,180.89,1.175315257,AQI_IS_GOOD
590,4/20/2017,5:37:55,0.357671,32.584491,583.05,3.788310912,AQI_IS_GOOD
591,4/20/2017,5:37:55,0.357671,32.584491,135.3,0.879098647,AQI_IS_GOOD
592,4/20/2017,5:37:55,0.357671,32.584491,201.54,1.309486633,AQI_IS_GOOD
593,4/20/2017,5:37:55,0.357671,32.584491,506.24,3.289245375,AQI_IS_GOOD
594,4/20/2017,5:37:55,0.357671,32.584491,155.6,1.010995932,AQI_IS_GOOD
595,4/20/2017,5:37:55,0.357671,32.584491,472.8,3.071972214,AQI_IS_GOOD
596,4/20/2017,5:37:55,0.357671,32.584491,129.64,0.842323346,AQI_IS_GOOD
597,4/20/2017,5:37:55,0.357671,32.584491,84.33,0.547926008,AQI_IS_GOOD
598,4/20/2017,5:37:55,0.357671,32.584491,130.04,0.844922307,AQI_IS_GOOD
599,4/20/2017,5:37:55,0.357671,32.584491,79.67,0.51764811,AQI_IS_GOOD
600,4/20/2017,5:37:55,0.357671,32.584491,244.76,1.590304397,AQI_IS_GOOD
601,4/20/2017,5:37:55,0.357671,32.584491,277.76,1.804718701,AQI_IS_GOOD
602,4/20/2017,5:37:55,0.357671,32.584491,198.87,1.292138566,AQI_IS_GOOD
603,4/20/2017,5:37:55,0.357671,32.584491,356.18,2.314245057,AQI_IS_GOOD
604,4/20/2017,5:37:55,0.357671,32.584491,382.59,2.485841475,AQI_IS_GOOD
605,4/20/2017,5:37:55,0.357671,32.584491,45.58,0.296151636,AQI_IS_GOOD
606,4/20/2017,5:37:55,0.357671,32.584491,152.19,0.988839787,AQI_IS_GOOD
607,4/20/2017,5:37:55,0.357671,32.584491,151.53,0.984551501,AQI_IS_GOOD
608,4/20/2017,5:37:55,0.357671,32.584491,176.41,1.146206891,AQI_IS_GOOD
609,4/20/2017,5:37:55,0.357671,32.584491,467.68,3.038705509,AQI_IS_GOOD
610,4/20/2017,5:37:55,0.357671,32.584491,186.71,1.213130144,AQI_IS_GOOD
611,4/20/2017,5:37:55,0.357671,32.584491,395.44,2.569333105,AQI_IS_GOOD
612,4/20/2017,5:37:55,0.357671,32.584491,127.17,0.82627476,AQI_IS_GOOD
613,4/20/2017,5:37:55,0.357671,32.584491,299.97,1.949026026,AQI_IS_GOOD
614,4/20/2017,5:37:55,0.357671,32.584491,107.68,0.699640372,AQI_IS_GOOD
615,4/20/2017,5:37:55,0.357671,32.584491,218.21,1.417798343,AQI_IS_GOOD
616,4/20/2017,5:37:55,0.357671,32.584491,123.15,0.800155199,AQI_IS_GOOD
617,4/20/2017,5:37:55,0.357671,32.584491,40.79,0.265029075,AQI_IS_GOOD
618,4/20/2017,5:37:55,0.357671,32.584491,558.57,3.629254482,AQI_IS_GOOD
619,4/20/2017,5:37:55,0.357671,32.584491,1043.96,6.783029002,AQI_IS_GOOD
620,4/20/2017,5:37:55,0.357671,32.584491,639.99,4.158273048,AQI_IS_GOOD
621,4/20/2017,5:37:55,0.357671,32.584491,615.65,4.000126255,AQI_IS_GOOD
622,4/20/2017,5:37:55,0.357671,32.584491,76.13,0.494647302,AQI_IS_GOOD
623,4/20/2017,5:37:55,0.357671,32.584491,1089.69,7.080155248,AQI_IS_GOOD
624,4/20/2017,5:37:55,0.357671,32.584491,907.65,5.897367977,AQI_IS_GOOD
625,4/20/2017,5:37:55,0.357671,32.584491,197.17,1.281092981,AQI_IS_GOOD
626,4/20/2017,5:37:55,0.357671,32.584491,217.8,1.415134408,AQI_IS_GOOD
627,4/20/2017,5:37:55,0.357671,32.584491,202.25,1.314099789,AQI_IS_GOOD
628,4/20/2017,5:37:55,0.357671,32.584491,250.16,1.625390374,AQI_IS_GOOD
629,4/20/2017,5:37:55,0.357671,32.584491,507.18,3.295352934,AQI_IS_GOOD
630,4/20/2017,5:37:55,0.357671,32.584491,95.43,0.620047183,AQI_IS_GOOD
631,4/20/2017,5:37:55,0.357671,32.584491,196.6,1.277389461,AQI_IS_GOOD
632,4/20/2017,5:37:55,0.357671,32.584491,277.9,1.805628338,AQI_IS_GOOD
633,4/20/2017,5:37:55,0.357671,32.584491,305.49,1.984891691,AQI_IS_GOOD
634,4/20/2017,5:37:55,0.357671,32.584491,358.31,2.328084526,AQI_IS_GOOD
635,4/20/2017,5:37:55,0.357671,32.584491,561.98,3.651410627,AQI_IS_GOOD
636,4/20/2017,5:37:55,0.357671,32.584491,616.42,4.005129255,AQI_IS_GOOD
637,4/20/2017,5:37:55,0.357671,32.584491,603.05,3.918258975,AQI_IS_GOOD
638,4/20/2017,5:37:55,0.357671,32.584491,109.41,0.71088088,AQI_IS_GOOD
639,4/20/2017,5:37:55,0.357671,32.584491,509.36,3.309517273,AQI_IS_GOOD
640,4/20/2017,5:37:55,0.357671,32.584491,229.04,1.48816522,AQI_IS_GOOD
641,4/20/2017,5:37:55,0.357671,32.584491,530.34,3.445832791,AQI_IS_GOOD
642,4/20/2017,5:37:55,0.357671,32.584491,236.5,1.536635847,AQI_IS_GOOD
643,4/20/2017,5:37:55,0.357671,32.584491,487.46,3.167224144,AQI_IS_GOOD
644,4/20/2017,5:37:55,0.357671,32.584491,170.64,1.108716875,AQI_IS_GOOD
645,4/20/2017,5:37:55,0.357671,32.584491,376.67,2.447376848,AQI_IS_GOOD
646,4/20/2017,5:37:55,0.357671,32.584491,672.88,4.371972638,AQI_IS_GOOD
647,4/20/2017,5:37:55,0.357671,32.584243,63.61,0.413299815,AQI_IS_GOOD
648,4/20/2017,5:37:55,0.357671,32.584243,583.06,3.788375886,AQI_IS_GOOD
649,4/20/2017,5:37:55,0.357671,32.584243,335.67,2.180983318,AQI_IS_GOOD
650,4/20/2017,5:37:55,0.357671,32.584243,336.88,2.188845176,AQI_IS_GOOD
651,4/20/2017,5:37:55,0.357671,32.584243,999.64,6.495064094,AQI_IS_GOOD
652,4/20/2017,5:37:55,0.357671,32.584243,336.44,2.185986319,AQI_IS_GOOD
653,4/20/2017,5:37:55,0.357935,32.584243,92.56,0.601399636,AQI_IS_GOOD
654,4/20/2017,5:37:55,0.357935,32.584243,328.62,2.135176626,AQI_IS_GOOD
655,4/20/2017,5:37:55,0.357935,32.584243,628.71,4.08498234,AQI_IS_GOOD
656,4/20/2017,5:37:55,0.357935,32.584243,255.84,1.662295624,AQI_IS_GOOD
657,4/20/2017,5:37:55,0.357935,32.584243,564.57,3.668238901,AQI_IS_GOOD
658,4/20/2017,5:37:55,0.357935,32.584243,60.77,0.39484719,AQI_IS_GOOD
659,4/20/2017,5:37:55,0.357935,32.584243,436.29,2.834752024,AQI_IS_GOOD
660,4/20/2017,5:37:55,0.357935,32.584243,1071.53,6.962162407,AQI_IS_GOOD
661,4/20/2017,5:37:55,0.357935,32.584243,5475.36,35.57562136,AQI_IS_GOOD
662,4/20/2017,5:37:55,0.357935,32.584243,10323.99,59.40989325,AQI_is_MODERATE
663,4/20/2017,5:37:55,0.357935,32.584243,8703.26,54.09491016,AQI_is_MODERATE
664,4/20/2017,5:37:55,0.357935,32.584243,18003.31,84.59327107,AQI_is_MODERATE
665,4/20/2017,5:37:55,0.357935,32.584243,9048.5,55.22708194,AQI_is_MODERATE
666,4/20/2017,5:37:55,0.357935,32.584243,1585.71,10.30299716,AQI_IS_GOOD
667,4/20/2017,5:37:55,0.357935,32.584243,218.78,1.421501863,AQI_IS_GOOD
668,4/20/2017,5:37:55,0.357935,32.584243,1124,7.303081151,AQI_IS_GOOD
669,4/20/2017,5:37:55,0.357935,32.584243,262.07,1.702774446,AQI_IS_GOOD
670,4/20/2017,5:37:55,0.357935,32.584243,652.3,4.238256081,AQI_IS_GOOD
671,4/20/2017,5:37:55,0.357935,32.584243,446.88,2.903559524,AQI_IS_GOOD
672,4/20/2017,5:37:55,0.357935,32.584243,1103.24,7.168195061,AQI_IS_GOOD
673,4/20/2017,5:37:55,0.357935,32.584243,493.88,3.208937472,AQI_IS_GOOD
674,4/20/2017,5:37:55,0.357935,32.584243,2808.99,18.2511405,AQI_IS_GOOD
675,4/20/2017,10:33:53,0.357935,32.584243,2808.99,18.2511405,AQI_IS_GOOD
676,4/21/2017,10:35:05,0.357886,32.584136,2472.94,16.06768817,AQI_IS_GOOD
677,4/21/2017,10:36:16,0.357901,32.584148,6319.96,41.06332807,AQI_IS_GOOD
678,4/21/2017,10:37:28,0.35788,32.584175,3770.46,24.49819871,AQI_IS_GOOD
679,4/22/2017,10:39:47,0.357839,32.584083,2110.65,13.71374398,AQI_IS_GOOD
680,4/21/2017,10:40:59,0.357939,32.584148,6007,39.02990078,AQI_IS_GOOD
681,4/21/2017,10:42:13,0.357953,32.584144,6771.25,43.99554114,AQI_IS_GOOD
682,4/21/2017,10:43:25,0.357935,32.584156,4759.22,30.92257106,AQI_IS_GOOD
683,4/21/2017,10:44:37,0.357945,32.584148,2252.83,14.63754476,AQI_IS_GOOD
684,4/21/2017,10:45:48,0.357964,32.58414,3006.37,19.53359793,AQI_IS_GOOD
685,4/21/2017,10:46:59,0.357939,32.584156,3397.49,22.07486226,AQI_IS_GOOD
686,4/21/2017,10:48:10,0.357931,32.584178,3474.74,22.57678665,AQI_IS_GOOD
687,4/21/2017,10:49:22,0.358143,32.584571,4029.26,26.17972665,AQI_IS_GOOD
688,4/21/2017,10:50:33,0.35696,32.585678,3596.31,23.36667595,AQI_IS_GOOD
689,4/21/2017,10:51:44,0.356951,32.585678,2248.37,14.60856634,AQI_IS_GOOD
690,4/21/2017,10:52:56,0.356957,32.585693,1339.68,8.704441064,AQI_IS_GOOD
691,4/21/2017,10:54:07,0.357948,32.584724,2599.66,16.8910391,AQI_IS_GOOD
692,4/21/2017,10:55:18,0.357984,32.584133,3538.43,22.99060626,AQI_IS_GOOD
693,4/21/2017,10:56:29,0.357038,32.583549,1285.92,8.35514067,AQI_IS_GOOD
694,4/21/2017,10:57:41,0.355158,32.58226,3578.31,23.2497227,AQI_IS_GOOD
695,4/21/2017,10:58:53,0.351832,32.580257,4743.77,30.82218618,AQI_IS_GOOD
696,4/21/2017,11:04,0.346957,32.577957,3170.18,20.59793755,AQI_IS_GOOD
697,4/21/2017,11:01:16,0.343143,32.576763,5824.42,37.84360491,AQI_IS_GOOD
698,4/21/2017,11:02:28,0.340414,32.573936,5703.52,37.05806886,AQI_IS_GOOD
699,4/21/2017,11:03:39,0.33637,32.575515,7017.74,45.59708604,AQI_IS_GOOD
700,4/21/2017,11:04:51,0.332428,32.576206,5371.7,34.90210055,AQI_IS_GOOD
701,4/21/2017,11:06:02,0.329068,32.574272,3297.87,21.42759096,AQI_IS_GOOD
702,4/21/2017,11:07:14,0.323896,32.574047,2952.66,19.18462241,AQI_IS_GOOD
703,4/21/2017,11:08:25,0.323715,32.572692,5486.47,35.64780751,AQI_IS_GOOD
704,4/21/2017,11:09:37,0.321578,32.571884,6047.38,39.29226592,AQI_IS_GOOD
705,4/21/2017,11:10:48,0.321586,32.57188,5313.37,34.52310702,AQI_IS_GOOD
706,4/21/2017,11:12,0.321048,32.571918,9293.77,56.0314145,AQI_is_MODERATE
707,4/21/2017,11:13:11,0.319103,32.572147,9086.86,55.3528788,AQI_is_MODERATE
708,4/21/2017,11:14:23,0.31883,32.572235,3406,22.13015516,AQI_IS_GOOD
709,4/21/2017,11:15:34,0.3181,32.572425,4652.79,30.23105244,AQI_IS_GOOD
710,4/21/2017,11:16:45,0.31807,32.572418,3592.36,23.34101121,AQI_IS_GOOD
711,4/21/2017,11:17:56,0.319534,32.572029,4688.01,30.45989098,AQI_IS_GOOD
712,4/21/2017,11:19:08,0.321067,32.571895,7568.66,49.17663539,AQI_IS_GOOD
713,4/21/2017,11:20:19,0.323907,32.572841,8095.53,52.10193498,AQI_is_MODERATE
714,4/21/2017,11:21:31,0.325145,32.574054,8991.74,55.04094456,AQI_is_MODERATE
715,4/21/2017,11:22:43,0.32936,32.574108,6216.32,40.3899372,AQI_IS_GOOD
716,4/21/2017,11:23:54,0.330916,32.574596,7863.89,51.34230032,AQI_is_MODERATE
717,4/21/2017,11:25:05,0.335626,32.575778,5182.42,33.67227208,AQI_IS_GOOD
718,4/21/2017,11:26:17,0.340745,32.574203,4570.98,29.69949989,AQI_IS_GOOD
719,4/21/2017,11:27:28,0.344003,32.576885,4993.6,32.44543241,AQI_IS_GOOD
720,4/21/2017,11:28:40,0.347089,32.577972,6680.44,43.40551196,AQI_IS_GOOD
721,4/21/2017,11:29:52,0.351789,32.580139,6921.26,44.97021659,AQI_IS_GOOD
722,4/21/2017,11:31:03,0.35487,32.582092,12895.79,67.84379249,AQI_is_MODERATE
723,4/21/2017,11:32:14,0.356947,32.582874,22792.95,101.1053783,AQI_is_UNHEALTHY_FOR_SENSITVE_GROUP
724,4/21/2017,11:33:25,0.356529,32.582733,16856.68,80.83304015,AQI_is_MODERATE
725,4/21/2017,11:34:36,0.356533,32.582748,44456.52,158.1380267,AQI_is_UNHEALTHY
726,4/21/2017,11:35:48,0.356525,32.582756,38516.66,153.355503,AQI_is_UNHEALTHY
727,4/21/2017,11:36:59,0.356542,32.582744,22688.26,99.95698373,AQI_is_MODERATE
728,4/21/2017,11:38:10,0.356544,32.582733,19504.84,89.51735254,AQI_is_MODERATE
729,4/21/2017,11:39:22,0.356539,32.582736,16220.03,78.74522541,AQI_is_MODERATE
730,4/21/2017,11:40:33,0.356449,32.582885,9413.1,56.42274244,AQI_is_MODERATE
731,4/21/2017,11:41:44,0.356442,32.582881,10377.75,59.58619251,AQI_is_MODERATE
732,4/21/2017,11:42:55,0.359051,32.583351,7712.35,59.58619251,AQI_is_MODERATE
733,4/21/2017,11:44:06,0.364787,32.584396,9593.04,57.01283336,AQI_is_MODERATE
734,4/21/2017,11:45:17,0.362605,32.587882,6529.05,42.42187009,AQI_IS_GOOD
735,4/21/2017,11:46:29,0.366258,32.591281,5447.22,35.39278444,AQI_IS_GOOD
736,4/21/2017,11:47:40,0.368884,32.595802,6543.9,42.51835653,AQI_IS_GOOD
737,4/21/2017,11:48:52,0.369246,32.600437,3215.53,20.89259478,AQI_IS_GOOD
738,4/21/2017,11:50:03,0.369953,32.603282,2742.23,17.81737386,AQI_IS_GOOD
739,4/21/2017,11:51:15,0.372316,32.605739,6328.67,41.11992045,AQI_IS_GOOD
740,4/21/2017,11:52:26,0.373064,32.606086,7487.86,48.65164522,AQI_IS_GOOD
741,4/21/2017,11:53:38,0.370803,32.604209,7244.67,47.07154174,AQI_IS_GOOD
742,4/21/2017,11:54:49,0.369377,32.602558,9975.33,58.26650601,AQI_is_MODERATE
743,4/21/2017,11:56:06,0.369364,32.597923,8108.34,52.14394379,AQI_is_MODERATE
744,4/21/2017,11:57:17,0.367164,32.592334,4943.55,32.12023739,AQI_IS_GOOD
745,4/21/2017,11:58:29,0.362627,32.588497,5321.6,34.57658065,AQI_IS_GOOD
746,4/21/2017,11:59:42,0.364716,32.584423,7782.98,51.07696601,AQI_is_MODERATE
747,4/21/2017,12:53,0.358784,32.583332,5718.78,37.15721924,AQI_IS_GOOD
748,4/21/2017,12:02:04,0.356495,32.582725,5697.47,37.01875958,AQI_IS_GOOD
749,4/21/2017,12:03:15,0.356493,32.582721,3908.21,25.393216,AQI_IS_GOOD
750,4/21/2017,12:04:27,0.356505,32.58271,1206.53,7.839311833,AQI_IS_GOOD
751,4/21/2017,12:05:38,0.356511,32.582717,2299.03,14.93772478,AQI_IS_GOOD
752,4/21/2017,12:06:50,0.356511,32.582717,1736.4,11.28209085,AQI_IS_GOOD
753,4/21/2017,12:08:02,0.356509,32.582721,2838.12,18.44040985,AQI_IS_GOOD
754,4/21/2017,12:09:13,0.356499,32.582725,2332.51,15.15525784,AQI_IS_GOOD
755,4/21/2017,12:10:24,0.35651,32.582729,3359.11,21.82549193,AQI_IS_GOOD
756,4/21/2017,12:11:35,0.356504,32.582736,2286.21,14.85442808,AQI_IS_GOOD
757,4/21/2017,12:12:47,0.356505,32.582744,1714,11.13654901,AQI_IS_GOOD
758,4/21/2017,12:13:58,0.356509,32.582725,2459.4,15.97971333,AQI_IS_GOOD
759,4/21/2017,12:15:09,0.3565,32.582729,2919.55,18.96949339,AQI_IS_GOOD
760,4/21/2017,12:16:21,0.356508,32.582729,2715.46,17.64343838,AQI_IS_GOOD
761,4/21/2017,12:17:32,0.356504,32.582721,806.1,5.237556686,AQI_IS_GOOD
762,4/21/2017,12:18:43,0.356511,32.582725,872.74,5.670543633,AQI_IS_GOOD
763,4/21/2017,12:19:55,0.356504,32.582729,4501.17,29.24591618,AQI_IS_GOOD
764,4/21/2017,12:21:07,0.356498,32.582725,3204.47,20.8207335,AQI_IS_GOOD
765,4/21/2017,12:22:18,0.356506,32.582725,2134.64,13.86961668,AQI_IS_GOOD
766,4/21/2017,12:23:29,0.356499,32.582729,2286.98,14.85943108,AQI_IS_GOOD
767,4/21/2017,12:24:41,0.356495,32.582721,2791.2,18.1355517,AQI_IS_GOOD
768,4/21/2017,12:25:52,0.356486,32.582733,3066.42,19.92376699,AQI_IS_GOOD
769,4/21/2017,12:27:03,0.356509,32.582717,2941.23,19.11035709,AQI_IS_GOOD
770,4/21/2017,12:28:14,0.356515,32.58271,3599.06,23.38454381,AQI_IS_GOOD
771,4/21/2017,12:29:26,0.356506,32.582729,3722.48,24.18645331,AQI_IS_GOOD
772,4/21/2017,12:30:38,0.356507,32.582736,3174.77,20.62776063,AQI_IS_GOOD
773,4/21/2017,12:31:49,0.35651,32.582721,2111.6,13.71991651,AQI_IS_GOOD
774,4/21/2017,12:33,0.356514,32.58274,949.36,6.168374663,AQI_IS_GOOD
775,4/21/2017,12:34:12,0.35661,32.582786,848.55,5.51337145,AQI_IS_GOOD
776,4/21/2017,12:35:23,0.356421,32.583137,1403.69,9.12033984,AQI_IS_GOOD
777,4/21/2017,12:36:35,0.358113,32.584594,2331.11,15.14616148,AQI_IS_GOOD
778,4/21/2017,12:37:46,0.356727,32.585937,1684.16,10.9426665,AQI_IS_GOOD
779,4/21/2017,12:38:58,0.355535,32.58625,2928.66,19.02868474,AQI_IS_GOOD
780,4/21/2017,12:40:09,0.354776,32.585212,3287.43,21.35975807,AQI_IS_GOOD
781,4/21/2017,12:41:21,0.354783,32.585216,2306.19,14.98424619,AQI_IS_GOOD
782,4/21/2017,12:42:32,0.35478,32.58522,2474.25,16.07619977,AQI_IS_GOOD
783,4/21/2017,12:43:43,0.354759,32.585212,1792.21,11.64471092,AQI_IS_GOOD
784,4/21/2017,12:44:55,0.354759,32.585208,2320.08,15.07449512,AQI_IS_GOOD
785,4/21/2017,12:46:06,0.354757,32.585212,1589.61,10.32833704,AQI_IS_GOOD
786,4/21/2017,12:47:18,0.35478,32.584968,1967.24,12.78195139,AQI_IS_GOOD
787,4/21/2017,12:48:29,0.356439,32.58279,14301.62,72.45403767,AQI_is_MODERATE
788,4/21/2017,12:49:41,0.353771,32.581607,1692.24,10.99516552,AQI_IS_GOOD
789,4/21/2017,12:50:52,0.349923,32.579296,5128.06,33.31907324,AQI_IS_GOOD
790,4/21/2017,12:52:03,0.346899,32.577945,2613.35,16.97998855,AQI_IS_GOOD
791,4/21/2017,12:53:15,0.342349,32.576686,4216.21,27.39441617,AQI_IS_GOOD
792,4/21/2017,12:54:27,0.338976,32.574066,9002.9,55.07754239,AQI_is_MODERATE
793,4/21/2017,12:55:38,0.333993,32.576847,6172.66,40.10626058,AQI_IS_GOOD
794,4/21/2017,12:56:49,0.330318,32.57656,2471.01,16.05514818,AQI_IS_GOOD
795,4/21/2017,12:58,0.323634,32.576076,2955.78,19.20489431,AQI_IS_GOOD
796,4/21/2017,12:59:11,0.319173,32.576473,3389.9,22.02554697,AQI_IS_GOOD
797,4/21/2017,13:24,0.316642,32.578449,3233.28,21.00792369,AQI_IS_GOOD
798,4/21/2017,13:01:35,0.316659,32.578502,1764.81,11.46668207,AQI_IS_GOOD
799,4/21/2017,13:02:47,0.316653,32.578445,2839.32,18.44820674,AQI_IS_GOOD
800,4/21/2017,13:03:58,0.316632,32.578456,3320.93,21.57742107,AQI_IS_GOOD
801,4/21/2017,13:05:09,0.316622,32.578514,1908.5,12.40029393,AQI_IS_GOOD
802,4/21/2017,13:06:20,0.316618,32.578495,1706.05,11.08489466,AQI_IS_GOOD
803,4/21/2017,13:07:32,0.316594,32.578483,1254.39,8.150277548,AQI_IS_GOOD
804,4/21/2017,13:08:49,0.316573,32.578693,1254.88,8.153461276,AQI_IS_GOOD
805,4/21/2017,13:10:01,0.316637,32.578506,1566.42,10.17766226,AQI_IS_GOOD
806,4/21/2017,13:11:12,0.316661,32.578453,1677.23,10.8976395,AQI_IS_GOOD
807,4/21/2017,13:12:24,0.316864,32.578075,4644.65,30.17816358,AQI_IS_GOOD
808,4/21/2017,13:13:35,0.318764,32.575378,4798.71,30.17816358,AQI_IS_GOOD
809,4/21/2017,13:14:46,0.324117,32.574966,4428.81,28.77576408,AQI_IS_GOOD
810,4/21/2017,13:15:57,0.328135,32.575008,3608.45,23.44555443,AQI_IS_GOOD
811,4/21/2017,13:17:08,0.33174,32.578037,2748.54,17.85837248,AQI_IS_GOOD
812,4/21/2017,13:18:20,0.333141,32.577697,5691.9,36.98256904,AQI_IS_GOOD
813,4/21/2017,13:19:31,0.337475,32.574752,5235.13,34.0147502,AQI_IS_GOOD
814,4/21/2017,13:20:43,0.341066,32.575119,6978.56,45.34251779,AQI_IS_GOOD
815,4/21/2017,13:21:55,0.344424,32.576915,3335.62,21.67286792,AQI_IS_GOOD
816,4/21/2017,13:23:07,0.347226,32.578048,5964.59,38.75434591,AQI_IS_GOOD
817,4/21/2017,13:24:18,0.352266,32.580776,9159.76,55.59194532,AQI_is_MODERATE
818,4/21/2017,13:25:30,0.355632,32.582412,2559.79,16.63198763,AQI_IS_GOOD
819,4/21/2017,13:26:41,0.357261,32.582294,4474.63,29.0734751,AQI_IS_GOOD
820,4/21/2017,13:27:52,0.357253,32.582302,1780.61,11.56934104,AQI_IS_GOOD
821,4/21/2017,13:29:04,0.357245,32.58229,1455.65,9.457944908,AQI_IS_GOOD
822,4/21/2017,13:30:17,0.357238,32.582294,1209.11,7.856075133,AQI_IS_GOOD
823,4/21/2017,13:31:28,0.357253,32.582298,1684.87,10.94727966,AQI_IS_GOOD
824,4/21/2017,13:32:39,0.35723,32.582302,2274.8,14.78029271,AQI_IS_GOOD
825,4/21/2017,13:33:57,0.354549,32.582,4039.31,26.24502555,AQI_IS_GOOD
826,4/21/2017,13:35:33,0.347841,32.578445,3511.55,22.81595606,AQI_IS_GOOD
827,4/21/2017,13:36:45,0.343796,32.576915,4192.78,27.24218202,AQI_IS_GOOD
828,4/21/2017,13:37:56,0.340872,32.574695,4913.34,31.92395084,AQI_IS_GOOD
829,4/21/2017,13:39:08,0.33968,32.572532,9263.61,55.93250851,AQI_is_MODERATE
830,4/21/2017,13:40:19,0.34034,32.572067,1514.67,55.93250851,AQI_is_MODERATE
831,4/21/2017,13:41:30,0.33672,32.575313,8772.16,54.32085917,AQI_is_MODERATE
832,4/21/2017,13:42:42,0.332341,32.579067,7699.85,54.32085917,AQI_is_MODERATE
833,4/21/2017,13:43:53,0.328779,32.583026,6505.22,42.26703698,AQI_IS_GOOD
834,4/21/2017,13:45:04,0.325169,32.585601,3831.45,24.89447533,AQI_IS_GOOD
835,4/21/2017,13:46:16,0.322382,32.586601,3883.11,25.23013118,AQI_IS_GOOD
836,4/21/2017,13:47:27,0.318658,32.588138,5219.75,33.91482014,AQI_IS_GOOD
837,4/21/2017,13:48:39,0.314592,32.588634,4396.99,28.56901672,AQI_IS_GOOD
838,4/21/2017,13:49:50,0.314526,32.588596,2570.19,16.69956063,AQI_IS_GOOD
839,4/21/2017,13:51:01,0.314538,32.588661,1380.6,8.970314801,AQI_IS_GOOD
840,4/21/2017,13:52:13,0.314532,32.588684,1477.64,9.600822804,AQI_IS_GOOD
841,4/21/2017,13:53:24,0.314536,32.588573,1681.11,10.92284942,AQI_IS_GOOD
842,4/21/2017,13:54:35,0.314534,32.588603,1212.89,7.880635317,AQI_IS_GOOD
843,4/21/2017,13:55:46,0.314539,32.588642,913.73,5.936872188,AQI_IS_GOOD
844,4/21/2017,13:56:57,0.314538,32.588672,1096.47,5.936872188,AQI_IS_GOOD
845,4/21/2017,13:58:09,0.31454,32.588634,1003.82,6.522223239,AQI_IS_GOOD
846,4/21/2017,13:59:21,0.314526,32.588695,610.5,3.966664629,AQI_IS_GOOD
847,4/21/2017,14:32,0.314521,32.58868,1477.28,9.598483739,AQI_IS_GOOD
848,4/21/2017,14:01:44,0.314542,32.588642,2416.43,15.70051992,AQI_IS_GOOD
849,4/21/2017,14:02:55,0.317471,32.588249,8087.23,52.07471616,AQI_is_MODERATE
850,4/21/2017,14:04:07,0.319739,32.585811,3380.79,21.96635563,AQI_IS_GOOD
851,4/21/2017,14:05:18,0.322949,32.584064,4073.53,26.46736669,AQI_IS_GOOD
852,4/21/2017,14:06:30,0.327277,32.581764,5506.06,35.77509164,AQI_IS_GOOD
853,4/21/2017,14:07:41,0.331353,32.58007,4646.83,30.19232792,AQI_IS_GOOD
854,4/21/2017,14:08:52,0.333326,32.577438,4816.18,31.29266315,AQI_IS_GOOD
855,4/21/2017,14:10:04,0.33673,32.575199,10168.77,58.90086851,AQI_is_MODERATE
856,4/21/2017,14:11:15,0.339452,32.573955,11273.87,62.52490694,AQI_is_MODERATE
857,4/21/2017,14:12:27,0.342064,32.576587,5967.95,38.77617718,AQI_IS_GOOD
858,4/21/2017,14:13:39,0.345372,32.577247,4387.21,28.50547211,AQI_IS_GOOD
859,4/21/2017,14:14:57,0.34718,32.578056,18782.56,87.14872483,AQI_is_MODERATE
860,4/21/2017,14:16:10,0.351754,32.58015,7127.67,46.31134557,AQI_IS_GOOD
861,4/21/2017,14:17:21,0.355169,32.582218,5903.17,38.35527541,AQI_IS_GOOD
862,4/21/2017,14:18:33,0.356608,32.582767,3836.62,24.92806691,AQI_IS_GOOD
863,4/21/2017,14:19:44,0.352553,32.581027,4249.46,27.61045483,AQI_IS_GOOD
864,4/21/2017,14:20:55,0.349117,32.579067,3503.42,22.76313218,AQI_IS_GOOD
865,4/21/2017,14:22:06,0.348478,32.578765,1726.62,22.76313218,AQI_IS_GOOD
866,4/21/2017,14:23:18,0.347713,32.580165,4036.49,26.22670288,AQI_IS_GOOD
867,4/21/2017,14:24:29,0.345948,32.579471,4816.8,31.29669154,AQI_IS_GOOD
868,4/21/2017,14:25:41,0.3434,32.582164,4143.77,26.92374429,AQI_IS_GOOD
869,4/21/2017,14:26:57,0.339368,32.585094,3919.98,25.46969043,AQI_IS_GOOD
870,4/21/2017,14:28:09,0.338946,32.587337,4794.81,31.15381364,AQI_IS_GOOD
871,4/21/2017,14:29:20,0.338997,32.587413,2401.74,15.60507306,AQI_IS_GOOD
872,4/21/2017,14:30:32,0.338455,32.585605,8377.57,53.02685019,AQI_is_MODERATE
873,4/21/2017,14:31:43,0.339324,32.585044,3100.54,20.14545839,AQI_IS_GOOD
874,4/21/2017,14:32:55,0.339832,32.584396,3503.98,22.76677072,AQI_IS_GOOD
875,4/21/2017,14:34:07,0.342185,32.58345,3969.46,25.79118194,AQI_IS_GOOD
876,4/21/2017,14:35:19,0.343969,32.581478,8555.22,53.60943134,AQI_is_MODERATE
877,4/21/2017,14:36:41,0.346615,32.579254,6939.82,45.09080839,AQI_IS_GOOD
878,4/21/2017,14:37:54,0.348144,32.579189,6950.12,45.15773164,AQI_IS_GOOD
879,4/21/2017,14:39:05,0.351842,32.580261,5066.13,32.91668907,AQI_IS_GOOD
880,4/21/2017,14:40:17,0.355079,32.582229,6913.36,44.9188871,AQI_IS_GOOD
881,4/21/2017,14:41:28,0.35729,32.58221,3660.32,23.78257473,AQI_IS_GOOD
882,4/21/2017,14:41:28,0.35729,32.58221,3614.28,23.48343429,AQI_IS_GOOD
883,4/21/2017,14:43:58,0.35725,32.582351,1073.5,6.974962291,AQI_IS_GOOD
884,4/21/2017,14:45:12,0.357257,32.582267,2000.77,12.99980932,AQI_IS_GOOD
885,4/21/2017,14:46:23,0.357262,32.582271,2283.85,14.8390942,AQI_IS_GOOD
886,4/21/2017,14:47:34,0.357261,32.582252,2109.62,13.70705165,AQI_IS_GOOD
887,4/21/2017,14:48:45,0.357277,32.582271,2081.67,13.52544923,AQI_IS_GOOD
888,4/21/2017,14:49:57,0.356554,32.582836,5073.3,32.96327545,AQI_IS_GOOD
889,4/21/2017,14:51:08,0.356853,32.582279,2719.04,17.66669909,AQI_IS_GOOD
890,4/21/2017,14:52:20,0.358481,32.579399,7345.86,47.72901397,AQI_IS_GOOD
891,4/21/2017,14:53:32,0.35997,32.577014,10747.15,60.79759401,AQI_is_MODERATE
892,4/21/2017,14:54:57,0.357626,32.573585,3427.03,22.26679555,AQI_IS_GOOD
893,4/21/2017,14:56:08,0.355105,32.572254,13909.76,71.16898139,AQI_is_MODERATE
894,4/21/2017,14:57:20,0.353278,32.56845,3339.77,21.69983215,AQI_IS_GOOD
895,4/21/2017,14:58:32,0.352868,32.563323,23526.81,103.9231595,AQI_is_UNHEALTHY_FOR_SENSITVE_GROUP
896,4/21/2017,14:59:45,0.35221,32.56282,7283.66,47.32487549,AQI_IS_GOOD
897,4/21/2017,15:57,0.3505,32.562866,8746.45,54.23654641,AQI_IS_GOOD
898,4/21/2017,15:02:09,0.350296,32.562332,7566.81,49.1646152,AQI_IS_GOOD
899,4/21/2017,15:03:20,0.351563,32.561977,6640.04,43.14301687,AQI_IS_GOOD
900,4/21/2017,15:04:32,0.352467,32.561115,3047.33,19.79973157,AQI_IS_GOOD
901,4/21/2017,15:05:44,0.352052,32.557319,7921.36,51.53076606,AQI_is_MODERATE
902,4/21/2017,15:06:56,0.353041,32.552349,16175.36,78.59873569,AQI_is_MODERATE
903,4/21/2017,15:08:07,0.354561,32.550346,8051.27,51.9567898,AQI_is_MODERATE
904,4/21/2017,15:09:18,0.357476,32.54803,9770.76,57.59564406,AQI_IS_GOOD
905,4/21/2017,15:10:30,0.358765,32.54393,5875.97,38.17854604,AQI_IS_GOOD
906,4/21/2017,15:11:42,0.358964,32.53783,18289.43,85.53156614,AQI_is_MODERATE
907,4/21/2017,15:12:57,0.358989,32.533203,7014.12,45.57356544,AQI_IS_GOOD
908,4/21/2017,15:14:13,0.361749,32.530246,5992.55,38.9360133,AQI_IS_GOOD
909,4/21/2017,15:15:24,0.366026,32.525371,9367.65,56.2736948,AQI_IS_GOOD
910,4/21/2017,15:16:36,0.367948,32.523242,3158.1,20.51944892,AQI_IS_GOOD
911,4/21/2017,15:17:47,0.372397,32.521751,4571.37,29.70203388,AQI_IS_GOOD
912,4/21/2017,15:18:58,0.377718,32.520122,6154.6,39.98891748,AQI_IS_GOOD
913,4/21/2017,15:20:10,0.383658,32.517509,5043.72,32.77108226,AQI_IS_GOOD
914,4/21/2017,15:21:21,0.387998,32.511268,11042.41,61.76586257,AQI_is_MODERATE
915,4/21/2017,15:22:33,0.391451,32.505153,4905.36,31.87210156,AQI_IS_GOOD
916,4/21/2017,15:23:45,0.395214,32.498458,6462.76,41.99115724,AQI_IS_GOOD
917,4/21/2017,15:24:56,0.396583,32.491756,13707.69,70.50631788,AQI_is_MODERATE
918,4/21/2017,15:26:07,0.397575,32.48381,31506.6,134.5629311,AQI_is_UNHEALTHY_FOR_SENSITVE_GROUP
919,4/21/2017,15:27:19,0.398082,32.479057,6973.68,45.31081046,AQI_IS_GOOD
920,4/21/2017,15:28:30,0.396441,32.474807,4819.92,31.31696343,AQI_IS_GOOD
921,4/21/2017,15:29:42,0.39703,32.471599,4837.89,31.43372177,AQI_IS_GOOD
922,4/21/2017,15:30:53,0.39703,32.471591,3049.19,19.81181674,AQI_IS_GOOD
923,4/21/2017,15:32:04,0.397091,32.471149,2412.75,15.67660947,AQI_IS_GOOD
924,4/21/2017,15:33:16,0.39585,32.471965,1817.15,11.80675615,AQI_IS_GOOD
925,4/21/2017,15:34:28,0.397456,32.476879,5094.16,33.09881128,AQI_IS_GOOD
926,4/21/2017,15:35:39,0.397742,32.477275,3111.1,20.21407097,AQI_IS_GOOD
927,4/21/2017,15:36:51,0.397745,32.477283,4202.89,27.30787076,AQI_IS_GOOD
928,4/21/2017,15:38:02,0.397734,32.477279,2013.76,13.08421059,AQI_IS_GOOD
929,4/21/2017,15:39:14,0.397749,32.477283,4189.23,27.21911624,AQI_IS_GOOD
930,4/21/2017,15:40:26,0.398004,32.480895,5880.43,38.20752446,AQI_IS_GOOD
931,4/21/2017,15:41:37,0.397141,32.48785,4279.43,27.805182,AQI_IS_GOOD
932,4/21/2017,15:42:49,0.396297,32.494556,4681.34,30.4165533,AQI_IS_GOOD
933,4/21/2017,15:44,0.393799,32.501121,5160.32,33.52867947,AQI_IS_GOOD
934,4/21/2017,15:45:11,0.391174,32.505798,3684.95,23.94260577,AQI_IS_GOOD
935,4/21/2017,15:46:23,0.387748,32.51189,3648.21,23.70389118,AQI_IS_GOOD
936,4/21/2017,15:47:39,0.383424,32.517852,3485.86,22.64903778,AQI_IS_GOOD
937,4/21/2017,15:48:50,0.377997,32.520072,6233.88,40.5040316,AQI_IS_GOOD
938,4/21/2017,15:50:02,0.372636,32.521732,6094.77,39.60017785,AQI_IS_GOOD
939,4/21/2017,15:51:13,0.369865,32.522579,3872.03,25.15813995,AQI_IS_GOOD
940,4/21/2017,15:52:25,0.366316,32.525035,6340.15,41.19451064,AQI_IS_GOOD
941,4/21/2017,15:53:37,0.363669,32.528938,5895.14,38.30310126,AQI_IS_GOOD
942,4/21/2017,15:54:48,0.359041,32.532386,5342.73,34.71387078,AQI_IS_GOOD
943,4/21/2017,15:56,0.359008,32.536605,6590.91,42.82379945,AQI_IS_GOOD
944,4/21/2017,15:57:11,0.358967,32.540214,6267.12,40.72000529,AQI_IS_GOOD
945,4/21/2017,15:58:22,0.358894,32.541603,3564.92,23.16272247,AQI_IS_GOOD
946,4/21/2017,15:59:33,0.359038,32.546333,3797.37,24.67304383,AQI_IS_GOOD
947,4/21/2017,16:45,0.356075,32.548912,6205.11,40.31710132,AQI_IS_GOOD
948,4/21/2017,16:01:56,0.354969,32.549991,8780.17,54.34712697,AQI_is_MODERATE
949,4/21/2017,16:03:07,0.353449,32.551807,13497.71,69.8177145,AQI_is_MODERATE
950,4/21/2017,16:04:19,0.353323,32.554332,5328.31,34.62017823,AQI_IS_GOOD
951,4/21/2017,16:05:30,0.357585,32.556457,4872.25,31.65697254,AQI_IS_GOOD
952,4/21/2017,16:06:41,0.360883,32.55651,4868.65,31.63358189,AQI_IS_GOOD
953,4/21/2017,16:07:53,0.361501,32.55857,3320.28,21.57319776,AQI_IS_GOOD
954,4/21/2017,16:09:04,0.362658,32.56015,3684.09,23.937018,AQI_IS_GOOD
955,4/21/2017,16:10:16,0.36583,32.560119,10275.53,59.25097469,AQI_is_MODERATE
956,4/21/2017,16:11:27,0.371904,32.557689,4099.1,26.63350529,AQI_IS_GOOD
957,4/21/2017,16:12:39,0.372167,32.557552,5715.96,37.13889656,AQI_IS_GOOD
958,4/21/2017,16:13:50,0.372175,32.557567,5192.15,33.73549181,AQI_IS_GOOD
959,4/21/2017,16:15:01,0.372207,32.557548,6460.52,41.97660306,AQI_IS_GOOD
960,4/21/2017,16:16:13,0.37227,32.557674,6313.56,41.02174469,AQI_IS_GOOD
961,4/21/2017,16:17:25,0.369246,32.558818,5892.16,38.283739,AQI_IS_GOOD
962,4/21/2017,16:18:36,0.365468,32.560859,9931.62,58.12316449,AQI_is_MODERATE
963,4/21/2017,16:19:47,0.365896,32.563579,3429.03,22.27979035,AQI_IS_GOOD
964,4/21/2017,16:20:58,0.365604,32.565818,4583.7,29.78214686,AQI_IS_GOOD
965,4/21/2017,16:22:10,0.362604,32.566699,2418.89,15.71650353,AQI_IS_GOOD
966,4/21/2017,16:23:22,0.361888,32.569221,7175.62,46.62289606,AQI_IS_GOOD
967,4/21/2017,16:24:33,0.36202,32.571361,4476.1,29.08302628,AQI_IS_GOOD
968,4/21/2017,16:25:45,0.361334,32.573974,5576.13,36.23036468,AQI_IS_GOOD
969,4/21/2017,16:26:57,0.360233,32.574745,7282.32,47.31616897,AQI_IS_GOOD
970,4/21/2017,16:28:08,0.36083,32.579814,3827.72,47.31616897,AQI_IS_GOOD
971,4/21/2017,16:29:20,0.360135,32.583641,4056.53,26.35691084,AQI_IS_GOOD
972,4/21/2017,16:30:31,0.356674,32.582695,2671.08,17.35508363,AQI_IS_GOOD
973,4/21/2017,16:31:42,0.357249,32.582298,3294.17,21.40355056,AQI_IS_GOOD
974,4/21/2017,16:32:54,0.357232,32.582263,1989.22,12.92476431,AQI_IS_GOOD
975,4/21/2017,16:34:06,0.357228,32.582267,2481.93,16.12609982,AQI_IS_GOOD
976,4/21/2017,16:35:17,0.357236,32.582256,3005.92,19.5306741,AQI_IS_GOOD
977,4/21/2017,16:36:29,0.357258,32.582252,2322.16,15.08800972,AQI_IS_GOOD
978,4/21/2017,16:37:40,0.356547,32.582744,3415.57,22.19233531,AQI_IS_GOOD
979,4/21/2017,16:38:52,0.356557,32.582759,3388.37,22.01560594,AQI_IS_GOOD
980,4/21/2017,16:40:03,0.357249,32.58229,2050.29,13.32156072,AQI_IS_GOOD
981,4/21/2017,16:41:14,0.357261,32.582317,2131.71,13.85057929,AQI_IS_GOOD
982,4/21/2017,16:42:25,0.357264,32.582317,2524.99,16.405878,AQI_IS_GOOD
983,4/21/2017,16:43:37,0.356714,32.582569,3695.83,24.01329752,AQI_IS_GOOD
984,4/21/2017,16:44:49,0.356549,32.58282,3292.2,21.39075068,AQI_IS_GOOD
985,4/21/2017,16:46,0.356578,32.582817,2817,18.3031847,AQI_IS_GOOD
986,4/21/2017,16:47:11,0.356545,32.582824,3334.77,21.66734513,AQI_IS_GOOD
987,4/21/2017,16:48:23,0.356554,32.582817,2922.86,18.9909998,AQI_IS_GOOD
988,4/21/2017,16:49:35,0.356562,32.582828,3514.9,22.83772236,AQI_IS_GOOD
989,4/21/2017,16:50:46,0.356553,32.582828,3696.35,24.01667617,AQI_IS_GOOD
990,4/21/2017,16:51:58,0.356545,32.582824,3367.64,21.88091477,AQI_IS_GOOD
991,4/21/2017,16:53:09,0.356557,32.582824,5854.06,38.03618794,AQI_IS_GOOD
992,4/21/2017,16:54:20,0.356558,32.582828,5558.91,36.11847939,AQI_IS_GOOD
993,4/21/2017,16:55:32,0.35655,32.582832,7861.27,51.33370835,AQI_is_MODERATE
994,4/21/2017,16:56:43,0.356546,32.582832,11710.15,63.95563311,AQI_is_MODERATE
995,4/21/2017,16:57:55,0.356553,32.582817,11117.55,62.01227488,AQI_is_MODERATE
996,4/21/2017,16:59:06,0.356527,32.582794,9399.82,56.37919232,AQI_is_MODERATE
997,4/21/2017,17:18,0.35652,32.582813,9927.13,58.10844009,AQI_is_MODERATE
998,4/21/2017,17:01:30,0.356537,32.582828,6714.77,43.62856781,AQI_IS_GOOD
999,4/21/2017,17:02:41,0.353984,32.58171,8857.06,54.5992782,AQI_is_MODERATE
1000,4/21/2017,17:03:52,0.350771,32.579685,13228,68.93323399,AQI_is_MODERATE
1001,4/21/2017,17:05:03,0.347339,32.578182,24124.75,106.2190527,AQI_is_UNHEALTHY_FOR_SENSITVE_GROUP
1002,4/21/2017,17:06:15,0.345222,32.577175,25944.26,113.2053732,AQI_is_UNHEALTHY_FOR_SENSITVE_GROUP
1003,4/21/2017,17:07:31,0.341185,32.576389,18259.6,85.43374235,AQI_is_MODERATE
1004,4/21/2017,17:08:43,0.33887,32.574138,13255.21,69.02246582,AQI_is_MODERATE
1005,4/21/2017,17:09:55,0.337326,32.573589,10293.71,59.31059375,AQI_is_MODERATE
1006,4/21/2017,17:11:06,0.334674,32.572925,7229.69,46.97421064,AQI_IS_GOOD
1007,4/21/2017,17:12:18,0.33301,32.573558,10190.44,58.97193259,AQI_is_MODERATE
1008,4/21/2017,17:13:29,0.330854,32.573993,12101.82,65.24006631,AQI_is_MODERATE
1009,4/21/2017,17:14:41,0.328281,32.574943,7214.45,46.87519022,AQI_IS_GOOD
1010,4/21/2017,17:15:52,0.325011,32.576007,6981.16,45.35941104,AQI_IS_GOOD
1011,4/21/2017,17:17:04,0.319542,32.576534,7700.68,45.35941104,AQI_IS_GOOD
1012,4/21/2017,17:18:15,0.316601,32.578372,9017.53,55.12551966,AQI_is_MODERATE
1013,4/21/2017,17:19:27,0.314583,32.578357,15697.47,77.03155468,AQI_is_MODERATE
1014,4/21/2017,17:20:38,0.313018,32.582286,17799.74,83.9256885,AQI_is_MODERATE
1015,4/21/2017,17:21:56,0.312431,32.585319,22632.67,99.77468322,AQI_is_MODERATE
1016,4/21/2017,17:23:48,0.31334,32.587665,19577.77,89.75651743,AQI_is_MODERATE
1017,4/21/2017,17:25:06,0.314873,32.58311,18284.37,85.5149725,AQI_is_MODERATE
1018,4/21/2017,17:26:45,0.314717,32.579502,9042.17,55.20632349,AQI_is_MODERATE
1019,4/21/2017,17:27:56,0.316235,32.578746,8665.39,53.9707202,AQI_is_MODERATE
1020,4/21/2017,17:29:07,0.316292,32.578697,13873.96,71.05157973,AQI_is_MODERATE
1021,4/21/2017,17:30:18,0.316278,32.578704,4527.86,29.41933187,AQI_IS_GOOD
1022,4/21/2017,17:31:29,0.31659,32.578426,2353.96,15.29462714,AQI_IS_GOOD
1023,4/21/2017,17:32:41,0.316635,32.578426,2234.29,14.5170829,AQI_IS_GOOD
1024,4/21/2017,17:33:52,0.316634,32.578437,3305.66,21.47820573,AQI_IS_GOOD
1025,4/21/2017,17:35:04,0.316633,32.57843,4874.34,31.67055211,AQI_IS_GOOD
1026,4/21/2017,17:36:15,0.316631,32.578441,2325.98,15.1128298,AQI_IS_GOOD
1027,4/21/2017,17:37:27,0.316635,32.57843,1892.85,12.29860957,AQI_IS_GOOD
1028,4/21/2017,17:38:38,0.31665,32.578411,2486.22,16.15397368,AQI_IS_GOOD
1029,4/21/2017,17:39:49,0.317028,32.577911,1904.52,12.37443426,AQI_IS_GOOD
1030,4/21/2017,17:41:01,0.318698,32.576496,2418.7,15.71526902,AQI_IS_GOOD
1031,4/21/2017,17:42:13,0.318759,32.575412,2899.3,18.83792098,AQI_IS_GOOD
1032,4/21/2017,17:43:25,0.323091,32.574966,4390.13,28.52444453,AQI_IS_GOOD
1033,4/21/2017,17:44:36,0.327396,32.575,1799.86,11.69441605,AQI_IS_GOOD
1034,4/21/2017,17:45:48,0.331392,32.57637,3653.03,23.73520866,AQI_IS_GOOD
1035,4/21/2017,17:46:59,0.331287,32.580051,3092.34,20.09217968,AQI_IS_GOOD
1036,4/21/2017,17:48:17,0.333524,32.576953,3133.53,20.35980772,AQI_IS_GOOD
1037,4/21/2017,17:50:15,0.337976,32.574466,4401.96,28.60130881,AQI_IS_GOOD
1038,4/21/2017,17:51:30,0.338802,32.573902,5208.42,33.84120456,AQI_IS_GOOD
1039,4/21/2017,17:52:41,0.340283,32.575103,7162.19,46.53563593,AQI_IS_GOOD
1040,4/21/2017,17:53:53,0.341185,32.576255,3648.19,23.70376123,AQI_IS_GOOD
1041,4/21/2017,17:55:04,0.343972,32.576934,3881.53,25.21986528,AQI_IS_GOOD
1042,4/21/2017,17:56:15,0.344422,32.576942,1093.65,7.105884965,AQI_IS_GOOD
1043,4/21/2017,17:57:27,0.345965,32.577522,6742.46,43.8084809,AQI_IS_GOOD
1044,4/21/2017,17:58:45,0.348031,32.578487,4378.15,28.44660564,AQI_IS_GOOD
1045,4/21/2017,18:07,0.349186,32.579105,4812.85,31.27102679,AQI_IS_GOOD
1046,4/21/2017,18:01:19,0.352374,32.580875,3775.03,24.52789185,AQI_IS_GOOD
1047,4/21/2017,18:02:30,0.355505,32.582359,4405.55,28.62463449,AQI_IS_GOOD
1048,4/21/2017,18:03:42,0.359543,32.583461,5027.56,32.66608423,AQI_IS_GOOD
1049,4/21/2017,18:04:53,0.363389,32.584144,2740.55,17.80645823,AQI_IS_GOOD
1050,4/21/2017,18:06:05,0.361146,32.583782,3631.52,23.59544952,AQI_IS_GOOD
1051,4/21/2017,18:07:16,0.358925,32.583385,4878.41,31.69699654,AQI_IS_GOOD
1052,4/21/2017,18:08:27,0.356913,32.582134,4076.85,26.48893807,AQI_IS_GOOD
1053,4/21/2017,18:09:39,0.35739,32.581584,1997.42,12.97804302,AQI_IS_GOOD
1054,4/21/2017,18:10:50,0.356092,32.583347,5098.36,33.12610037,AQI_IS_GOOD
1055,4/21/2017,18:12:01,0.354762,32.585247,2041.06,13.26158969,AQI_IS_GOOD
1056,4/21/2017,18:13:13,0.354759,32.58522,2594.5,16.8575125,AQI_IS_GOOD
1057,4/21/2017,18:14:24,0.354973,32.584568,1874.77,12.18113652,AQI_IS_GOOD
1058,4/21/2017,18:15:35,0.356913,32.583469,2604.87,16.92489057,AQI_IS_GOOD
1059,4/21/2017,18:16:47,0.357983,32.584148,1933.39,12.56201429,AQI_IS_GOOD
1060,4/21/2017,18:17:58,0.357976,32.584175,6448.04,41.89551546,AQI_IS_GOOD
1061,4/21/2017,18:19:10,0.357753,32.584396,2644.98,17.18550141,AQI_IS_GOOD
